order_id,customer_name,restaurant_name,food_category,order_date,delivery_time_min,order_amount,payment_method,delivery_status,rider_name,location
1,Ana,Chowking,Dessert,2026-04-01 00:00:00,21,447.68,GCash,Delivered,Rider A,Manila
2,Maria,Mang Inasal,Dessert,2026-04-01 01:00:00,14,274.33,Cash,Cancelled,Rider A,Laguna
3,Maria,Chowking,Dessert,2026-04-01 02:00:00,44,166.9,Cash,Delivered,Rider A,Laguna
4,Pedro,KFC,Drinks,2026-04-01 03:00:00,36,269.69,GCash,Delivered,Rider C,Cavite
5,Maria,Jollibee,Fast Food,2026-04-01 04:00:00,13,306.82,Cash,Delivered,Rider B,Cavite
6,Ana,Mang Inasal,Drinks,2026-04-01 05:00:00,50,333.86,Cash,Cancelled,Rider A,Laguna
7,Ana,McDo,Fast Food,2026-04-01 06:00:00,31,139.73,Cash,Cancelled,Rider C,Manila
8,Ana,McDo,Dessert,2026-04-01 07:00:00,25,297.68,Card,Delivered,Rider C,Manila
9,Ana,Jollibee,Drinks,2026-04-01 08:00:00,44,227.91,Cash,Delivered,Rider A,Laguna
10,Ana,Chowking,Fast Food,2026-04-01 09:00:00,37,336.33,GCash,Late,Rider B,Cavite
11,Maria,Jollibee,Drinks,2026-04-01 10:00:00,48,294.62,Card,Late,Rider C,Laguna
12,Pedro,KFC,Fast Food,2026-04-01 11:00:00,11,103.63,Cash,Late,Rider A,Manila
13,Ana,Chowking,Drinks,2026-04-01 12:00:00,28,159.76,Card,Cancelled,Rider B,Laguna
14,Maria,KFC,Drinks,2026-04-01 13:00:00,22,133.07,Cash,Late,Rider B,Laguna
15,Maria,KFC,Drinks,2026-04-01 14:00:00,19,284.72,Cash,Late,Rider B,Laguna
16,Jose,Chowking,Fast Food,2026-04-01 15:00:00,48,489.52,Cash,Cancelled,Rider B,Manila
17,Jose,McDo,Fast Food,2026-04-01 16:00:00,33,490.68,GCash,Cancelled,Rider A,Laguna
18,Pedro,Chowking,Drinks,2026-04-01 17:00:00,54,332.72,GCash,Late,Rider C,Cavite
19,Jose,Jollibee,Fast Food,2026-04-01 18:00:00,30,205.05,Card,Delivered,Rider B,Laguna
20,Maria,McDo,Drinks,2026-04-01 19:00:00,30,487.73,Card,Delivered,Rider C,Manila
21,Jose,McDo,Fast Food,2026-04-01 20:00:00,49,394.2,GCash,Late,Rider B,Laguna
22,Jose,Mang Inasal,Dessert,2026-04-01 21:00:00,29,404.95,Card,Late,Rider B,Manila
23,Jose,Mang Inasal,Dessert,2026-04-01 22:00:00,24,256.8,GCash,Delivered,Rider C,Laguna
24,Pedro,McDo,Drinks,2026-04-01 23:00:00,42,414.44,Card,Cancelled,Rider A,Cavite
25,Jose,KFC,Dessert,2026-04-02 00:00:00,27,109.32,GCash,Cancelled,Rider C,Cavite
26,Ana,Mang Inasal,Drinks,2026-04-02 01:00:00,13,263.3,GCash,Cancelled,Rider A,Laguna
27,Jose,Jollibee,Drinks,2026-04-02 02:00:00,51,458.91,GCash,Delivered,Rider A,Cavite
28,Ana,KFC,Drinks,2026-04-02 03:00:00,56,105.15,GCash,Delivered,Rider A,Manila
29,Juan,Jollibee,Drinks,2026-04-02 04:00:00,12,241.65,Card,Late,Rider A,Laguna
30,Ana,Mang Inasal,Drinks,2026-04-02 05:00:00,50,336.22,Card,Late,Rider A,Manila
31,Juan,Jollibee,Drinks,2026-04-02 06:00:00,34,150.29,GCash,Delivered,Rider C,Laguna
32,Maria,Chowking,Drinks,2026-04-02 07:00:00,57,328.4,GCash,Late,Rider B,Cavite
33,Maria,Jollibee,Fast Food,2026-04-02 08:00:00,39,289.67,Cash,Delivered,Rider A,Laguna
34,Juan,Mang Inasal,Dessert,2026-04-02 09:00:00,43,186.71,Cash,Late,Rider C,Manila
35,Pedro,Chowking,Dessert,2026-04-02 10:00:00,30,208.6,Card,Delivered,Rider A,Cavite
36,Jose,Chowking,Drinks,2026-04-02 11:00:00,28,292.49,GCash,Delivered,Rider A,Laguna
37,Jose,Mang Inasal,Fast Food,2026-04-02 12:00:00,59,422.3,Cash,Late,Rider C,Manila
38,Maria,Mang Inasal,Dessert,2026-04-02 13:00:00,38,186.5,Cash,Delivered,Rider B,Cavite
39,Juan,McDo,Fast Food,2026-04-02 14:00:00,25,484.25,GCash,Delivered,Rider B,Laguna
40,Maria,Mang Inasal,Dessert,2026-04-02 15:00:00,13,261.14,Cash,Cancelled,Rider A,Cavite
41,Juan,Mang Inasal,Fast Food,2026-04-02 16:00:00,24,479.78,GCash,Cancelled,Rider C,Cavite
42,Jose,Mang Inasal,Dessert,2026-04-02 17:00:00,13,233.67,Card,Delivered,Rider B,Manila
43,Juan,Chowking,Fast Food,2026-04-02 18:00:00,59,202.88,Cash,Cancelled,Rider B,Manila
44,Juan,Jollibee,Dessert,2026-04-02 19:00:00,31,157.18,Card,Late,Rider A,Laguna
45,Pedro,Mang Inasal,Dessert,2026-04-02 20:00:00,23,218.71,GCash,Cancelled,Rider B,Cavite
46,Juan,Jollibee,Dessert,2026-04-02 21:00:00,20,355.93,Cash,Cancelled,Rider B,Manila
47,Ana,KFC,Drinks,2026-04-02 22:00:00,23,415.88,GCash,Cancelled,Rider B,Manila
48,Maria,Chowking,Fast Food,2026-04-02 23:00:00,42,121.76,Cash,Cancelled,Rider C,Manila
49,Pedro,Jollibee,Drinks,2026-04-03 00:00:00,26,223.58,GCash,Cancelled,Rider A,Manila
50,Maria,McDo,Dessert,2026-04-03 01:00:00,59,118.25,Cash,Cancelled,Rider B,Cavite
51,Jose,Jollibee,Drinks,2026-04-03 02:00:00,22,114.42,Card,Delivered,Rider C,Cavite
52,Pedro,Jollibee,Drinks,2026-04-03 03:00:00,44,182.97,GCash,Cancelled,Rider B,Laguna
53,Pedro,McDo,Fast Food,2026-04-03 04:00:00,29,410.74,GCash,Late,Rider B,Laguna
54,Jose,KFC,Dessert,2026-04-03 05:00:00,30,217.1,Card,Cancelled,Rider B,Laguna
55,Jose,Jollibee,Dessert,2026-04-03 06:00:00,49,444.7,Card,Delivered,Rider B,Laguna
56,Jose,Chowking,Fast Food,2026-04-03 07:00:00,48,455.12,GCash,Late,Rider C,Cavite
57,Maria,KFC,Fast Food,2026-04-03 08:00:00,40,421.73,Card,Late,Rider C,Laguna
58,Juan,McDo,Dessert,2026-04-03 09:00:00,44,186.68,Card,Delivered,Rider B,Manila
59,Juan,McDo,Dessert,2026-04-03 10:00:00,28,379.22,GCash,Cancelled,Rider C,Laguna
60,Ana,Mang Inasal,Fast Food,2026-04-03 11:00:00,38,247.88,Cash,Cancelled,Rider A,Manila
61,Ana,Chowking,Fast Food,2026-04-03 12:00:00,37,100.76,Cash,Delivered,Rider B,Cavite
62,Jose,McDo,Dessert,2026-04-03 13:00:00,34,297.36,GCash,Late,Rider A,Manila
63,Ana,KFC,Drinks,2026-04-03 14:00:00,15,463.18,Cash,Delivered,Rider A,Manila
64,Maria,McDo,Fast Food,2026-04-03 15:00:00,56,410.44,Card,Late,Rider B,Manila
65,Pedro,Mang Inasal,Dessert,2026-04-03 16:00:00,26,213.69,Card,Cancelled,Rider C,Manila
66,Juan,McDo,Drinks,2026-04-03 17:00:00,54,359.15,GCash,Delivered,Rider B,Cavite
67,Jose,Jollibee,Drinks,2026-04-03 18:00:00,43,106.61,GCash,Cancelled,Rider A,Cavite
68,Jose,Mang Inasal,Drinks,2026-04-03 19:00:00,38,227.54,Cash,Delivered,Rider C,Cavite
69,Ana,KFC,Drinks,2026-04-03 20:00:00,37,484.73,Cash,Cancelled,Rider C,Laguna
70,Maria,Jollibee,Drinks,2026-04-03 21:00:00,47,319.64,Cash,Delivered,Rider C,Cavite
71,Pedro,Jollibee,Dessert,2026-04-03 22:00:00,28,189.15,Cash,Cancelled,Rider C,Cavite
72,Juan,Mang Inasal,Drinks,2026-04-03 23:00:00,19,408.94,Card,Delivered,Rider A,Laguna
73,Pedro,Chowking,Dessert,2026-04-04 00:00:00,34,490.87,Card,Cancelled,Rider C,Manila
74,Maria,KFC,Dessert,2026-04-04 01:00:00,22,266.7,Cash,Delivered,Rider A,Manila
75,Maria,Jollibee,Drinks,2026-04-04 02:00:00,58,476.96,GCash,Delivered,Rider B,Laguna
76,Jose,Chowking,Fast Food,2026-04-04 03:00:00,49,383.28,GCash,Cancelled,Rider B,Laguna
77,Juan,Jollibee,Drinks,2026-04-04 04:00:00,40,270.42,GCash,Cancelled,Rider C,Manila
78,Ana,Chowking,Drinks,2026-04-04 05:00:00,58,218.23,Card,Cancelled,Rider C,Cavite
79,Ana,McDo,Dessert,2026-04-04 06:00:00,11,459.61,GCash,Late,Rider C,Cavite
80,Juan,Jollibee,Dessert,2026-04-04 07:00:00,42,139.53,Card,Cancelled,Rider B,Laguna
81,Maria,KFC,Fast Food,2026-04-04 08:00:00,36,268.36,Card,Delivered,Rider B,Laguna
82,Maria,Jollibee,Fast Food,2026-04-04 09:00:00,56,206.58,GCash,Late,Rider C,Manila
83,Pedro,Mang Inasal,Drinks,2026-04-04 10:00:00,20,358.58,Cash,Late,Rider B,Laguna
84,Juan,Chowking,Drinks,2026-04-04 11:00:00,42,486.54,Cash,Delivered,Rider A,Manila
85,Juan,Mang Inasal,Drinks,2026-04-04 12:00:00,13,338.51,Card,Cancelled,Rider B,Laguna
86,Juan,KFC,Fast Food,2026-04-04 13:00:00,59,222.68,Card,Late,Rider C,Laguna
87,Jose,KFC,Dessert,2026-04-04 14:00:00,12,383.82,Card,Delivered,Rider B,Laguna
88,Juan,Chowking,Fast Food,2026-04-04 15:00:00,48,208.11,Cash,Delivered,Rider C,Manila
89,Maria,Chowking,Drinks,2026-04-04 16:00:00,44,301.78,GCash,Late,Rider C,Laguna
90,Jose,Jollibee,Dessert,2026-04-04 17:00:00,51,126.41,Cash,Late,Rider B,Laguna
91,Maria,KFC,Dessert,2026-04-04 18:00:00,54,179.84,Cash,Late,Rider A,Cavite
92,Ana,McDo,Fast Food,2026-04-04 19:00:00,51,427.88,GCash,Delivered,Rider A,Manila
93,Jose,Jollibee,Drinks,2026-04-04 20:00:00,30,230.81,Card,Cancelled,Rider A,Cavite
94,Juan,Chowking,Drinks,2026-04-04 21:00:00,38,279.69,GCash,Cancelled,Rider B,Manila
95,Ana,Chowking,Dessert,2026-04-04 22:00:00,59,175.69,GCash,Delivered,Rider B,Laguna
96,Ana,Mang Inasal,Dessert,2026-04-04 23:00:00,50,115.55,Cash,Late,Rider C,Cavite
97,Jose,McDo,Drinks,2026-04-05 00:00:00,27,260.82,Cash,Cancelled,Rider B,Cavite
98,Pedro,Chowking,Fast Food,2026-04-05 01:00:00,51,159.4,Card,Cancelled,Rider A,Cavite
99,Ana,KFC,Drinks,2026-04-05 02:00:00,18,301.65,Card,Cancelled,Rider C,Cavite
100,Pedro,Chowking,Fast Food,2026-04-05 03:00:00,44,261.64,GCash,Cancelled,Rider C,Laguna
101,Ana,KFC,Drinks,2026-04-05 04:00:00,23,144.01,Cash,Cancelled,Rider A,Laguna
102,Juan,Mang Inasal,Fast Food,2026-04-05 05:00:00,16,421.25,Cash,Delivered,Rider B,Laguna
103,Jose,Chowking,Dessert,2026-04-05 06:00:00,19,232.96,GCash,Cancelled,Rider B,Cavite
104,Ana,Mang Inasal,Fast Food,2026-04-05 07:00:00,16,301.0,Cash,Delivered,Rider B,Manila
105,Juan,Jollibee,Dessert,2026-04-05 08:00:00,49,240.88,Card,Cancelled,Rider A,Cavite
106,Juan,Chowking,Fast Food,2026-04-05 09:00:00,59,489.59,GCash,Delivered,Rider B,Laguna
107,Maria,Jollibee,Fast Food,2026-04-05 10:00:00,49,320.06,GCash,Late,Rider B,Manila
108,Ana,Chowking,Drinks,2026-04-05 11:00:00,32,241.04,Cash,Cancelled,Rider B,Manila
109,Ana,Jollibee,Fast Food,2026-04-05 12:00:00,56,211.34,GCash,Cancelled,Rider B,Manila
110,Jose,Mang Inasal,Dessert,2026-04-05 13:00:00,52,498.46,Cash,Cancelled,Rider B,Laguna
111,Jose,KFC,Fast Food,2026-04-05 14:00:00,22,176.53,Card,Delivered,Rider C,Laguna
112,Juan,Chowking,Dessert,2026-04-05 15:00:00,26,448.4,Cash,Late,Rider B,Manila
113,Pedro,Jollibee,Dessert,2026-04-05 16:00:00,38,250.45,Card,Delivered,Rider C,Cavite
114,Maria,KFC,Fast Food,2026-04-05 17:00:00,50,275.25,Card,Late,Rider C,Cavite
115,Ana,Jollibee,Fast Food,2026-04-05 18:00:00,33,403.16,GCash,Late,Rider A,Cavite
116,Pedro,McDo,Drinks,2026-04-05 19:00:00,53,291.06,Cash,Late,Rider C,Manila
117,Jose,McDo,Fast Food,2026-04-05 20:00:00,16,336.82,GCash,Delivered,Rider A,Laguna
118,Pedro,Chowking,Drinks,2026-04-05 21:00:00,33,432.19,GCash,Late,Rider B,Laguna
119,Jose,McDo,Dessert,2026-04-05 22:00:00,37,360.72,GCash,Late,Rider B,Cavite
120,Juan,Chowking,Fast Food,2026-04-05 23:00:00,25,145.36,GCash,Late,Rider C,Cavite
121,Jose,Chowking,Fast Food,2026-04-06 00:00:00,11,278.22,Cash,Delivered,Rider A,Cavite
122,Pedro,McDo,Drinks,2026-04-06 01:00:00,30,320.72,GCash,Late,Rider A,Laguna
123,Ana,McDo,Dessert,2026-04-06 02:00:00,23,180.68,GCash,Late,Rider C,Laguna
124,Pedro,Mang Inasal,Dessert,2026-04-06 03:00:00,18,232.01,Card,Cancelled,Rider B,Laguna
125,Juan,KFC,Drinks,2026-04-06 04:00:00,36,286.53,GCash,Delivered,Rider C,Cavite
126,Ana,KFC,Fast Food,2026-04-06 05:00:00,50,374.02,GCash,Delivered,Rider A,Manila
127,Juan,Mang Inasal,Dessert,2026-04-06 06:00:00,26,249.31,GCash,Cancelled,Rider C,Laguna
128,Pedro,Mang Inasal,Drinks,2026-04-06 07:00:00,46,215.81,GCash,Cancelled,Rider B,Cavite
129,Juan,KFC,Drinks,2026-04-06 08:00:00,29,160.61,Cash,Late,Rider C,Manila
130,Juan,Mang Inasal,Fast Food,2026-04-06 09:00:00,29,439.74,Cash,Delivered,Rider C,Cavite
131,Juan,KFC,Fast Food,2026-04-06 10:00:00,44,497.32,Cash,Delivered,Rider A,Laguna
132,Jose,McDo,Drinks,2026-04-06 11:00:00,25,240.29,Cash,Late,Rider C,Manila
133,Pedro,Chowking,Dessert,2026-04-06 12:00:00,37,290.62,GCash,Late,Rider A,Manila
134,Ana,Mang Inasal,Drinks,2026-04-06 13:00:00,47,223.81,Cash,Delivered,Rider C,Manila
135,Pedro,KFC,Dessert,2026-04-06 14:00:00,31,317.6,Cash,Delivered,Rider B,Manila
136,Ana,Mang Inasal,Dessert,2026-04-06 15:00:00,55,189.32,Cash,Late,Rider B,Manila
137,Ana,KFC,Fast Food,2026-04-06 16:00:00,49,365.67,Card,Late,Rider A,Manila
138,Juan,Jollibee,Drinks,2026-04-06 17:00:00,29,213.24,GCash,Late,Rider C,Cavite
139,Pedro,Chowking,Dessert,2026-04-06 18:00:00,32,333.9,Card,Late,Rider C,Manila
140,Ana,KFC,Drinks,2026-04-06 19:00:00,51,142.55,Card,Delivered,Rider C,Cavite
141,Pedro,KFC,Dessert,2026-04-06 20:00:00,38,405.03,Cash,Late,Rider C,Laguna
142,Maria,Jollibee,Drinks,2026-04-06 21:00:00,17,310.38,Cash,Late,Rider C,Laguna
143,Juan,Jollibee,Drinks,2026-04-06 22:00:00,47,202.3,Card,Cancelled,Rider C,Laguna
144,Juan,McDo,Dessert,2026-04-06 23:00:00,44,242.15,Cash,Late,Rider A,Laguna
145,Juan,KFC,Dessert,2026-04-07 00:00:00,46,218.71,Card,Delivered,Rider B,Cavite
146,Ana,Jollibee,Fast Food,2026-04-07 01:00:00,13,182.47,GCash,Delivered,Rider A,Manila
147,Maria,McDo,Dessert,2026-04-07 02:00:00,48,272.91,Card,Cancelled,Rider B,Cavite
148,Ana,Jollibee,Drinks,2026-04-07 03:00:00,52,487.59,Card,Cancelled,Rider B,Manila
149,Maria,Mang Inasal,Fast Food,2026-04-07 04:00:00,59,224.22,Cash,Delivered,Rider C,Cavite
150,Juan,Chowking,Fast Food,2026-04-07 05:00:00,42,204.68,Cash,Cancelled,Rider A,Manila
151,Juan,KFC,Drinks,2026-04-07 06:00:00,55,152.88,Cash,Cancelled,Rider B,Manila
152,Pedro,McDo,Fast Food,2026-04-07 07:00:00,41,120.69,Card,Late,Rider C,Laguna
153,Maria,KFC,Drinks,2026-04-07 08:00:00,55,481.52,Cash,Cancelled,Rider C,Manila
154,Pedro,Mang Inasal,Drinks,2026-04-07 09:00:00,29,387.8,GCash,Cancelled,Rider C,Cavite
155,Pedro,Mang Inasal,Dessert,2026-04-07 10:00:00,51,224.12,Cash,Cancelled,Rider C,Manila
156,Ana,KFC,Fast Food,2026-04-07 11:00:00,43,301.42,Card,Delivered,Rider B,Manila
157,Juan,Mang Inasal,Fast Food,2026-04-07 12:00:00,38,499.49,Card,Delivered,Rider B,Cavite
158,Pedro,Mang Inasal,Fast Food,2026-04-07 13:00:00,25,159.81,Card,Cancelled,Rider A,Manila
159,Pedro,Jollibee,Drinks,2026-04-07 14:00:00,45,160.65,Cash,Delivered,Rider B,Cavite
160,Pedro,Mang Inasal,Fast Food,2026-04-07 15:00:00,15,346.11,GCash,Late,Rider A,Manila
161,Ana,Mang Inasal,Drinks,2026-04-07 16:00:00,50,480.93,GCash,Cancelled,Rider B,Laguna
162,Jose,McDo,Fast Food,2026-04-07 17:00:00,21,140.99,GCash,Late,Rider A,Manila
163,Jose,Jollibee,Fast Food,2026-04-07 18:00:00,38,465.24,Card,Late,Rider A,Manila
164,Juan,Mang Inasal,Fast Food,2026-04-07 19:00:00,48,273.96,GCash,Late,Rider C,Cavite
165,Maria,Chowking,Drinks,2026-04-07 20:00:00,43,298.26,Card,Cancelled,Rider B,Laguna
166,Maria,Jollibee,Dessert,2026-04-07 21:00:00,36,176.36,Cash,Late,Rider B,Manila
167,Ana,KFC,Dessert,2026-04-07 22:00:00,22,435.31,Card,Cancelled,Rider B,Cavite
168,Juan,KFC,Dessert,2026-04-07 23:00:00,16,172.63,Card,Late,Rider A,Manila
169,Jose,Jollibee,Dessert,2026-04-08 00:00:00,46,436.69,Card,Late,Rider B,Manila
170,Pedro,KFC,Drinks,2026-04-08 01:00:00,42,122.7,Card,Late,Rider A,Manila
171,Maria,KFC,Drinks,2026-04-08 02:00:00,36,106.32,Cash,Cancelled,Rider C,Cavite
172,Juan,KFC,Drinks,2026-04-08 03:00:00,54,313.01,Cash,Cancelled,Rider C,Manila
173,Maria,Chowking,Fast Food,2026-04-08 04:00:00,33,305.55,Card,Delivered,Rider B,Cavite
174,Maria,KFC,Drinks,2026-04-08 05:00:00,56,472.07,GCash,Cancelled,Rider C,Manila
175,Jose,KFC,Dessert,2026-04-08 06:00:00,57,473.68,Card,Cancelled,Rider B,Manila
176,Pedro,Jollibee,Dessert,2026-04-08 07:00:00,24,269.33,Cash,Late,Rider C,Laguna
177,Ana,Jollibee,Drinks,2026-04-08 08:00:00,43,288.24,GCash,Delivered,Rider B,Manila
178,Maria,KFC,Drinks,2026-04-08 09:00:00,23,479.88,Card,Delivered,Rider A,Laguna
179,Juan,Chowking,Dessert,2026-04-08 10:00:00,32,425.15,Card,Cancelled,Rider C,Manila
180,Ana,KFC,Fast Food,2026-04-08 11:00:00,30,179.01,Cash,Cancelled,Rider C,Cavite
181,Jose,Chowking,Drinks,2026-04-08 12:00:00,22,113.68,Card,Cancelled,Rider B,Laguna
182,Juan,Chowking,Fast Food,2026-04-08 13:00:00,18,196.34,Cash,Delivered,Rider C,Laguna
183,Maria,Chowking,Drinks,2026-04-08 14:00:00,16,383.44,GCash,Cancelled,Rider B,Laguna
184,Juan,Jollibee,Drinks,2026-04-08 15:00:00,47,192.25,GCash,Delivered,Rider A,Manila
185,Juan,KFC,Dessert,2026-04-08 16:00:00,29,218.6,Card,Late,Rider B,Manila
186,Maria,Chowking,Fast Food,2026-04-08 17:00:00,51,391.56,GCash,Delivered,Rider C,Cavite
187,Pedro,Mang Inasal,Fast Food,2026-04-08 18:00:00,38,417.04,Card,Cancelled,Rider C,Manila
188,Ana,Jollibee,Fast Food,2026-04-08 19:00:00,59,324.85,GCash,Cancelled,Rider B,Cavite
189,Jose,Chowking,Dessert,2026-04-08 20:00:00,33,170.81,Card,Late,Rider B,Laguna
190,Maria,KFC,Drinks,2026-04-08 21:00:00,45,257.51,Cash,Cancelled,Rider B,Laguna
191,Juan,Chowking,Drinks,2026-04-08 22:00:00,13,285.82,Card,Cancelled,Rider A,Cavite
192,Jose,Jollibee,Dessert,2026-04-08 23:00:00,23,120.65,GCash,Delivered,Rider C,Manila
193,Ana,Mang Inasal,Fast Food,2026-04-09 00:00:00,35,405.74,Cash,Late,Rider A,Manila
194,Jose,McDo,Dessert,2026-04-09 01:00:00,22,491.25,GCash,Late,Rider C,Manila
195,Jose,McDo,Dessert,2026-04-09 02:00:00,51,284.08,Cash,Cancelled,Rider A,Manila
196,Juan,Jollibee,Dessert,2026-04-09 03:00:00,22,343.56,GCash,Delivered,Rider A,Laguna
197,Juan,KFC,Fast Food,2026-04-09 04:00:00,34,215.97,Card,Late,Rider C,Manila
198,Pedro,Mang Inasal,Fast Food,2026-04-09 05:00:00,29,283.57,Cash,Late,Rider A,Cavite
199,Pedro,Chowking,Fast Food,2026-04-09 06:00:00,33,295.27,GCash,Cancelled,Rider B,Cavite
200,Juan,Jollibee,Drinks,2026-04-09 07:00:00,42,264.7,Card,Delivered,Rider C,Manila
201,Jose,KFC,Drinks,2026-04-09 08:00:00,56,241.89,GCash,Cancelled,Rider B,Laguna
202,Jose,McDo,Drinks,2026-04-09 09:00:00,36,184.11,Cash,Cancelled,Rider C,Cavite
203,Jose,Mang Inasal,Fast Food,2026-04-09 10:00:00,51,293.62,Card,Delivered,Rider A,Manila
204,Juan,Mang Inasal,Fast Food,2026-04-09 11:00:00,30,332.97,Cash,Late,Rider A,Laguna
205,Jose,Jollibee,Fast Food,2026-04-09 12:00:00,16,492.53,Cash,Cancelled,Rider A,Laguna
206,Jose,KFC,Dessert,2026-04-09 13:00:00,20,473.75,Cash,Delivered,Rider C,Cavite
207,Ana,KFC,Drinks,2026-04-09 14:00:00,16,493.03,Cash,Delivered,Rider B,Cavite
208,Pedro,KFC,Fast Food,2026-04-09 15:00:00,59,120.63,Card,Delivered,Rider A,Cavite
209,Jose,McDo,Fast Food,2026-04-09 16:00:00,58,475.53,Card,Late,Rider C,Laguna
210,Juan,Jollibee,Dessert,2026-04-09 17:00:00,54,466.05,Cash,Late,Rider C,Cavite
211,Jose,McDo,Dessert,2026-04-09 18:00:00,19,342.14,GCash,Delivered,Rider A,Manila
212,Jose,Jollibee,Drinks,2026-04-09 19:00:00,54,167.98,GCash,Delivered,Rider C,Cavite
213,Maria,Jollibee,Drinks,2026-04-09 20:00:00,45,362.19,Card,Delivered,Rider C,Manila
214,Maria,Chowking,Drinks,2026-04-09 21:00:00,29,285.95,Cash,Late,Rider A,Cavite
215,Pedro,KFC,Drinks,2026-04-09 22:00:00,24,402.66,GCash,Late,Rider B,Cavite
216,Maria,Chowking,Dessert,2026-04-09 23:00:00,12,290.88,GCash,Cancelled,Rider B,Cavite
217,Juan,McDo,Fast Food,2026-04-10 00:00:00,13,238.71,Cash,Cancelled,Rider C,Laguna
218,Maria,Mang Inasal,Drinks,2026-04-10 01:00:00,51,328.66,GCash,Delivered,Rider C,Laguna
219,Jose,Chowking,Drinks,2026-04-10 02:00:00,36,120.87,Cash,Delivered,Rider B,Manila
220,Maria,Jollibee,Fast Food,2026-04-10 03:00:00,54,383.93,Card,Cancelled,Rider B,Manila
221,Ana,KFC,Dessert,2026-04-10 04:00:00,17,326.26,Cash,Cancelled,Rider A,Cavite
222,Maria,KFC,Drinks,2026-04-10 05:00:00,25,356.6,Card,Cancelled,Rider C,Manila
223,Pedro,Jollibee,Fast Food,2026-04-10 06:00:00,39,195.02,Cash,Cancelled,Rider B,Cavite
224,Juan,McDo,Dessert,2026-04-10 07:00:00,22,247.38,Cash,Late,Rider A,Cavite
225,Maria,Chowking,Drinks,2026-04-10 08:00:00,41,230.09,Cash,Late,Rider A,Manila
226,Ana,Mang Inasal,Drinks,2026-04-10 09:00:00,31,240.61,Cash,Late,Rider B,Laguna
227,Ana,Chowking,Fast Food,2026-04-10 10:00:00,47,212.73,GCash,Late,Rider C,Laguna
228,Jose,Mang Inasal,Fast Food,2026-04-10 11:00:00,42,234.22,Cash,Cancelled,Rider C,Laguna
229,Pedro,KFC,Fast Food,2026-04-10 12:00:00,27,280.44,GCash,Delivered,Rider C,Manila
230,Maria,Chowking,Drinks,2026-04-10 13:00:00,49,429.62,Cash,Cancelled,Rider A,Cavite
231,Pedro,Chowking,Fast Food,2026-04-10 14:00:00,55,111.11,Cash,Late,Rider B,Cavite
232,Ana,Chowking,Fast Food,2026-04-10 15:00:00,27,164.31,GCash,Delivered,Rider B,Cavite
233,Juan,Jollibee,Drinks,2026-04-10 16:00:00,18,301.79,GCash,Late,Rider A,Manila
234,Pedro,McDo,Drinks,2026-04-10 17:00:00,56,467.13,Card,Delivered,Rider B,Cavite
235,Maria,Jollibee,Dessert,2026-04-10 18:00:00,29,232.26,GCash,Cancelled,Rider A,Cavite
236,Pedro,KFC,Drinks,2026-04-10 19:00:00,38,123.12,GCash,Delivered,Rider B,Manila
237,Pedro,Jollibee,Drinks,2026-04-10 20:00:00,17,388.99,GCash,Cancelled,Rider A,Cavite
238,Maria,Chowking,Drinks,2026-04-10 21:00:00,45,165.72,Card,Late,Rider A,Manila
239,Juan,KFC,Fast Food,2026-04-10 22:00:00,42,359.05,GCash,Late,Rider B,Laguna
240,Pedro,Jollibee,Drinks,2026-04-10 23:00:00,30,329.5,Card,Late,Rider B,Cavite
241,Ana,McDo,Fast Food,2026-04-11 00:00:00,59,187.52,Card,Late,Rider A,Laguna
242,Ana,Chowking,Dessert,2026-04-11 01:00:00,28,370.55,Cash,Cancelled,Rider C,Cavite
243,Ana,Chowking,Fast Food,2026-04-11 02:00:00,12,219.71,GCash,Late,Rider C,Cavite
244,Maria,Chowking,Dessert,2026-04-11 03:00:00,56,331.13,Cash,Cancelled,Rider A,Cavite
245,Pedro,Mang Inasal,Fast Food,2026-04-11 04:00:00,52,386.26,Cash,Late,Rider A,Cavite
246,Pedro,Mang Inasal,Fast Food,2026-04-11 05:00:00,18,350.57,Card,Cancelled,Rider C,Laguna
247,Ana,Chowking,Dessert,2026-04-11 06:00:00,50,253.18,GCash,Late,Rider A,Cavite
248,Pedro,KFC,Dessert,2026-04-11 07:00:00,38,129.49,Cash,Delivered,Rider B,Cavite
249,Juan,McDo,Dessert,2026-04-11 08:00:00,42,490.61,Cash,Delivered,Rider A,Laguna
250,Ana,Jollibee,Fast Food,2026-04-11 09:00:00,33,449.82,Cash,Delivered,Rider A,Laguna
251,Ana,Mang Inasal,Drinks,2026-04-11 10:00:00,40,236.75,Card,Delivered,Rider B,Cavite
252,Maria,KFC,Drinks,2026-04-11 11:00:00,40,351.12,GCash,Cancelled,Rider B,Manila
253,Pedro,Chowking,Dessert,2026-04-11 12:00:00,10,479.54,Card,Cancelled,Rider A,Laguna
254,Juan,McDo,Drinks,2026-04-11 13:00:00,12,432.48,Card,Cancelled,Rider C,Cavite
255,Ana,KFC,Drinks,2026-04-11 14:00:00,14,212.34,Card,Cancelled,Rider B,Manila
256,Pedro,McDo,Fast Food,2026-04-11 15:00:00,31,177.74,Card,Late,Rider B,Laguna
257,Juan,Jollibee,Drinks,2026-04-11 16:00:00,45,114.48,Card,Cancelled,Rider A,Cavite
258,Jose,Jollibee,Fast Food,2026-04-11 17:00:00,49,285.63,Card,Delivered,Rider C,Laguna
259,Maria,Chowking,Fast Food,2026-04-11 18:00:00,37,303.04,Cash,Cancelled,Rider B,Manila
260,Maria,Mang Inasal,Drinks,2026-04-11 19:00:00,10,400.3,Card,Delivered,Rider C,Cavite
261,Jose,McDo,Drinks,2026-04-11 20:00:00,41,429.22,Cash,Cancelled,Rider C,Laguna
262,Jose,McDo,Drinks,2026-04-11 21:00:00,54,202.93,Card,Delivered,Rider C,Laguna
263,Ana,KFC,Fast Food,2026-04-11 22:00:00,24,267.88,Card,Cancelled,Rider B,Laguna
264,Ana,McDo,Fast Food,2026-04-11 23:00:00,49,208.08,Card,Delivered,Rider C,Laguna
265,Maria,Jollibee,Fast Food,2026-04-12 00:00:00,26,424.38,Cash,Late,Rider C,Laguna
266,Jose,Mang Inasal,Drinks,2026-04-12 01:00:00,33,331.27,Card,Late,Rider B,Cavite
267,Pedro,KFC,Drinks,2026-04-12 02:00:00,16,278.7,Cash,Late,Rider B,Laguna
268,Juan,McDo,Drinks,2026-04-12 03:00:00,20,269.58,Card,Cancelled,Rider A,Manila
269,Pedro,Chowking,Fast Food,2026-04-12 04:00:00,15,373.91,GCash,Delivered,Rider B,Laguna
270,Jose,McDo,Fast Food,2026-04-12 05:00:00,13,491.21,GCash,Delivered,Rider C,Cavite
271,Pedro,McDo,Fast Food,2026-04-12 06:00:00,40,385.87,Cash,Delivered,Rider A,Laguna
272,Juan,McDo,Drinks,2026-04-12 07:00:00,59,286.2,GCash,Cancelled,Rider C,Laguna
273,Ana,Mang Inasal,Dessert,2026-04-12 08:00:00,21,278.95,GCash,Cancelled,Rider A,Manila
274,Ana,Mang Inasal,Fast Food,2026-04-12 09:00:00,27,163.98,Cash,Delivered,Rider B,Cavite
275,Juan,Mang Inasal,Fast Food,2026-04-12 10:00:00,57,153.89,Card,Delivered,Rider B,Manila
276,Maria,KFC,Dessert,2026-04-12 11:00:00,14,468.49,Cash,Delivered,Rider C,Manila
277,Maria,Mang Inasal,Fast Food,2026-04-12 12:00:00,45,210.5,GCash,Late,Rider B,Cavite
278,Ana,Mang Inasal,Dessert,2026-04-12 13:00:00,23,282.54,GCash,Cancelled,Rider A,Manila
279,Jose,Mang Inasal,Fast Food,2026-04-12 14:00:00,45,287.32,Cash,Cancelled,Rider A,Manila
280,Jose,Mang Inasal,Fast Food,2026-04-12 15:00:00,55,203.78,GCash,Delivered,Rider A,Laguna
281,Maria,Jollibee,Fast Food,2026-04-12 16:00:00,59,283.76,Cash,Cancelled,Rider B,Cavite
282,Pedro,KFC,Drinks,2026-04-12 17:00:00,57,268.84,GCash,Delivered,Rider A,Laguna
283,Maria,KFC,Fast Food,2026-04-12 18:00:00,49,410.13,Card,Delivered,Rider A,Cavite
284,Ana,Mang Inasal,Fast Food,2026-04-12 19:00:00,41,318.19,Card,Delivered,Rider B,Laguna
285,Pedro,Chowking,Fast Food,2026-04-12 20:00:00,23,188.77,GCash,Delivered,Rider B,Manila
286,Jose,KFC,Fast Food,2026-04-12 21:00:00,57,166.52,Card,Cancelled,Rider B,Cavite
287,Jose,Chowking,Fast Food,2026-04-12 22:00:00,13,217.21,Cash,Delivered,Rider C,Laguna
288,Juan,Chowking,Fast Food,2026-04-12 23:00:00,12,379.61,Card,Delivered,Rider A,Laguna
289,Juan,Chowking,Dessert,2026-04-13 00:00:00,10,470.09,GCash,Late,Rider B,Laguna
290,Juan,McDo,Fast Food,2026-04-13 01:00:00,47,291.87,Card,Cancelled,Rider A,Laguna
291,Pedro,Chowking,Drinks,2026-04-13 02:00:00,18,487.59,Cash,Delivered,Rider B,Manila
292,Ana,Jollibee,Fast Food,2026-04-13 03:00:00,16,151.2,Cash,Late,Rider B,Laguna
293,Ana,Mang Inasal,Drinks,2026-04-13 04:00:00,41,123.38,Cash,Delivered,Rider B,Manila
294,Ana,KFC,Fast Food,2026-04-13 05:00:00,27,179.77,GCash,Delivered,Rider B,Laguna
295,Juan,McDo,Dessert,2026-04-13 06:00:00,58,118.13,Card,Delivered,Rider A,Cavite
296,Jose,KFC,Dessert,2026-04-13 07:00:00,46,103.99,Cash,Cancelled,Rider A,Laguna
297,Ana,Chowking,Drinks,2026-04-13 08:00:00,33,198.4,Card,Delivered,Rider A,Cavite
298,Pedro,McDo,Drinks,2026-04-13 09:00:00,14,100.06,GCash,Cancelled,Rider B,Cavite
299,Jose,Mang Inasal,Dessert,2026-04-13 10:00:00,58,397.82,GCash,Cancelled,Rider A,Manila
300,Juan,KFC,Dessert,2026-04-13 11:00:00,45,274.33,Cash,Late,Rider A,Laguna
301,Ana,Chowking,Drinks,2026-04-13 12:00:00,44,381.05,Card,Late,Rider A,Manila
302,Ana,Mang Inasal,Drinks,2026-04-13 13:00:00,47,412.41,Cash,Cancelled,Rider A,Manila
303,Ana,Mang Inasal,Drinks,2026-04-13 14:00:00,39,422.99,Cash,Cancelled,Rider A,Laguna
304,Ana,KFC,Fast Food,2026-04-13 15:00:00,15,224.75,Cash,Cancelled,Rider C,Cavite
305,Juan,KFC,Dessert,2026-04-13 16:00:00,18,374.92,GCash,Cancelled,Rider C,Manila
306,Jose,Jollibee,Fast Food,2026-04-13 17:00:00,23,200.44,GCash,Delivered,Rider B,Manila
307,Ana,Jollibee,Dessert,2026-04-13 18:00:00,35,231.1,GCash,Delivered,Rider C,Cavite
308,Maria,Jollibee,Drinks,2026-04-13 19:00:00,54,223.21,Card,Late,Rider C,Cavite
309,Maria,KFC,Dessert,2026-04-13 20:00:00,36,227.3,Card,Delivered,Rider A,Cavite
310,Juan,McDo,Drinks,2026-04-13 21:00:00,27,366.43,GCash,Cancelled,Rider B,Laguna
311,Jose,KFC,Drinks,2026-04-13 22:00:00,32,418.67,Card,Late,Rider A,Cavite
312,Juan,Jollibee,Drinks,2026-04-13 23:00:00,44,368.43,Cash,Late,Rider C,Laguna
313,Ana,KFC,Fast Food,2026-04-14 00:00:00,45,201.03,Card,Delivered,Rider A,Manila
314,Ana,KFC,Dessert,2026-04-14 01:00:00,33,322.64,GCash,Late,Rider B,Cavite
315,Pedro,KFC,Fast Food,2026-04-14 02:00:00,25,467.57,Card,Late,Rider B,Laguna
316,Maria,Jollibee,Dessert,2026-04-14 03:00:00,11,152.69,Cash,Delivered,Rider C,Laguna
317,Pedro,Jollibee,Dessert,2026-04-14 04:00:00,40,344.32,Cash,Delivered,Rider A,Manila
318,Maria,Mang Inasal,Dessert,2026-04-14 05:00:00,24,462.77,Cash,Late,Rider C,Cavite
319,Ana,McDo,Dessert,2026-04-14 06:00:00,18,316.82,GCash,Delivered,Rider B,Manila
320,Juan,Chowking,Fast Food,2026-04-14 07:00:00,24,448.53,Cash,Late,Rider B,Laguna
321,Jose,Chowking,Fast Food,2026-04-14 08:00:00,52,141.16,GCash,Late,Rider B,Cavite
322,Jose,Jollibee,Fast Food,2026-04-14 09:00:00,35,308.31,GCash,Delivered,Rider A,Cavite
323,Maria,Jollibee,Dessert,2026-04-14 10:00:00,35,490.12,Card,Cancelled,Rider A,Manila
324,Juan,Jollibee,Drinks,2026-04-14 11:00:00,17,310.08,GCash,Delivered,Rider B,Manila
325,Juan,McDo,Drinks,2026-04-14 12:00:00,14,407.2,Cash,Delivered,Rider A,Manila
326,Jose,McDo,Dessert,2026-04-14 13:00:00,35,329.75,GCash,Delivered,Rider C,Manila
327,Jose,KFC,Drinks,2026-04-14 14:00:00,58,321.79,GCash,Late,Rider B,Manila
328,Juan,McDo,Drinks,2026-04-14 15:00:00,25,435.2,Card,Cancelled,Rider C,Laguna
329,Maria,McDo,Dessert,2026-04-14 16:00:00,56,320.73,Card,Delivered,Rider B,Cavite
330,Maria,KFC,Drinks,2026-04-14 17:00:00,37,420.65,Card,Cancelled,Rider C,Manila
331,Pedro,McDo,Dessert,2026-04-14 18:00:00,39,416.3,GCash,Late,Rider B,Laguna
332,Jose,Mang Inasal,Dessert,2026-04-14 19:00:00,16,495.83,Card,Delivered,Rider A,Laguna
333,Maria,Jollibee,Dessert,2026-04-14 20:00:00,15,369.89,Cash,Delivered,Rider B,Laguna
334,Jose,Jollibee,Dessert,2026-04-14 21:00:00,12,436.59,Cash,Cancelled,Rider C,Laguna
335,Ana,Mang Inasal,Fast Food,2026-04-14 22:00:00,34,316.14,GCash,Cancelled,Rider C,Cavite
336,Juan,Chowking,Fast Food,2026-04-14 23:00:00,15,432.82,Cash,Late,Rider B,Laguna
337,Jose,Jollibee,Dessert,2026-04-15 00:00:00,23,228.49,Cash,Delivered,Rider C,Manila
338,Jose,Mang Inasal,Drinks,2026-04-15 01:00:00,12,460.01,Card,Cancelled,Rider C,Manila
339,Jose,McDo,Dessert,2026-04-15 02:00:00,34,177.59,Cash,Cancelled,Rider A,Manila
340,Jose,Jollibee,Fast Food,2026-04-15 03:00:00,27,191.61,Card,Cancelled,Rider A,Laguna
341,Juan,Chowking,Drinks,2026-04-15 04:00:00,11,324.02,Card,Delivered,Rider B,Cavite
342,Pedro,Jollibee,Fast Food,2026-04-15 05:00:00,20,128.67,Card,Cancelled,Rider B,Cavite
343,Maria,Jollibee,Drinks,2026-04-15 06:00:00,18,111.99,Card,Late,Rider C,Laguna
344,Ana,McDo,Dessert,2026-04-15 07:00:00,29,463.62,Cash,Cancelled,Rider C,Manila
345,Pedro,KFC,Dessert,2026-04-15 08:00:00,29,460.59,Cash,Late,Rider A,Manila
346,Pedro,Mang Inasal,Fast Food,2026-04-15 09:00:00,45,176.0,Cash,Delivered,Rider C,Manila
347,Juan,McDo,Fast Food,2026-04-15 10:00:00,59,309.15,Card,Cancelled,Rider B,Manila
348,Pedro,Mang Inasal,Fast Food,2026-04-15 11:00:00,24,268.06,Cash,Cancelled,Rider A,Manila
349,Maria,Mang Inasal,Dessert,2026-04-15 12:00:00,38,178.19,GCash,Cancelled,Rider C,Cavite
350,Juan,Mang Inasal,Fast Food,2026-04-15 13:00:00,14,137.76,Card,Delivered,Rider C,Manila
351,Ana,McDo,Dessert,2026-04-15 14:00:00,33,169.1,Cash,Late,Rider C,Manila
352,Maria,KFC,Drinks,2026-04-15 15:00:00,33,117.75,Card,Late,Rider B,Cavite
353,Juan,McDo,Dessert,2026-04-15 16:00:00,20,145.01,Cash,Late,Rider C,Cavite
354,Pedro,Chowking,Fast Food,2026-04-15 17:00:00,40,320.22,Card,Late,Rider C,Cavite
355,Jose,Jollibee,Drinks,2026-04-15 18:00:00,20,214.23,GCash,Delivered,Rider C,Laguna
356,Juan,Mang Inasal,Drinks,2026-04-15 19:00:00,58,158.25,GCash,Delivered,Rider B,Laguna
357,Ana,Jollibee,Dessert,2026-04-15 20:00:00,30,202.62,Card,Delivered,Rider C,Cavite
358,Maria,Mang Inasal,Dessert,2026-04-15 21:00:00,59,313.99,Card,Cancelled,Rider C,Manila
359,Ana,Chowking,Dessert,2026-04-15 22:00:00,35,341.16,GCash,Delivered,Rider C,Laguna
360,Juan,Jollibee,Dessert,2026-04-15 23:00:00,34,306.71,GCash,Delivered,Rider C,Laguna
361,Ana,Jollibee,Dessert,2026-04-16 00:00:00,17,259.85,Card,Cancelled,Rider C,Manila
362,Maria,Mang Inasal,Dessert,2026-04-16 01:00:00,26,421.97,Cash,Delivered,Rider C,Cavite
363,Juan,Mang Inasal,Fast Food,2026-04-16 02:00:00,26,288.86,GCash,Cancelled,Rider B,Cavite
364,Ana,Chowking,Fast Food,2026-04-16 03:00:00,55,387.79,Card,Late,Rider C,Cavite
365,Jose,KFC,Drinks,2026-04-16 04:00:00,17,344.96,Cash,Late,Rider C,Cavite
366,Ana,KFC,Fast Food,2026-04-16 05:00:00,11,189.76,GCash,Cancelled,Rider C,Laguna
367,Jose,Jollibee,Dessert,2026-04-16 06:00:00,24,488.03,GCash,Cancelled,Rider B,Manila
368,Jose,Jollibee,Dessert,2026-04-16 07:00:00,42,141.68,Card,Late,Rider A,Manila
369,Ana,KFC,Drinks,2026-04-16 08:00:00,25,366.58,Cash,Cancelled,Rider B,Cavite
370,Pedro,Jollibee,Fast Food,2026-04-16 09:00:00,14,375.85,Card,Late,Rider C,Laguna
371,Ana,Mang Inasal,Drinks,2026-04-16 10:00:00,15,422.82,Cash,Late,Rider B,Manila
372,Ana,McDo,Drinks,2026-04-16 11:00:00,33,164.97,Cash,Cancelled,Rider A,Cavite
373,Pedro,Chowking,Drinks,2026-04-16 12:00:00,29,154.8,Card,Cancelled,Rider B,Manila
374,Maria,McDo,Dessert,2026-04-16 13:00:00,52,366.86,Cash,Cancelled,Rider A,Manila
375,Maria,Jollibee,Fast Food,2026-04-16 14:00:00,54,366.86,Cash,Cancelled,Rider B,Manila
376,Maria,Jollibee,Fast Food,2026-04-16 15:00:00,40,481.95,Cash,Late,Rider A,Manila
377,Maria,McDo,Drinks,2026-04-16 16:00:00,25,373.57,Cash,Delivered,Rider A,Cavite
378,Ana,Mang Inasal,Drinks,2026-04-16 17:00:00,46,417.37,Cash,Cancelled,Rider A,Laguna
379,Maria,McDo,Dessert,2026-04-16 18:00:00,10,419.48,Cash,Cancelled,Rider B,Laguna
380,Juan,Jollibee,Drinks,2026-04-16 19:00:00,17,261.09,GCash,Cancelled,Rider A,Laguna
381,Pedro,Mang Inasal,Dessert,2026-04-16 20:00:00,58,438.1,GCash,Delivered,Rider C,Manila
382,Pedro,McDo,Fast Food,2026-04-16 21:00:00,37,391.26,Cash,Delivered,Rider B,Cavite
383,Maria,Jollibee,Fast Food,2026-04-16 22:00:00,30,230.88,GCash,Cancelled,Rider A,Cavite
384,Ana,KFC,Drinks,2026-04-16 23:00:00,56,490.45,Card,Cancelled,Rider C,Laguna
385,Pedro,Mang Inasal,Fast Food,2026-04-17 00:00:00,29,307.22,GCash,Cancelled,Rider A,Cavite
386,Jose,Mang Inasal,Drinks,2026-04-17 01:00:00,33,275.05,Card,Cancelled,Rider B,Laguna
387,Jose,Chowking,Drinks,2026-04-17 02:00:00,29,466.64,Card,Delivered,Rider A,Laguna
388,Ana,Jollibee,Fast Food,2026-04-17 03:00:00,43,371.88,GCash,Delivered,Rider C,Manila
389,Ana,Chowking,Fast Food,2026-04-17 04:00:00,21,472.06,GCash,Late,Rider A,Cavite
390,Pedro,Jollibee,Fast Food,2026-04-17 05:00:00,17,454.5,Card,Late,Rider A,Laguna
391,Maria,KFC,Drinks,2026-04-17 06:00:00,58,409.44,Cash,Delivered,Rider C,Manila
392,Maria,Mang Inasal,Dessert,2026-04-17 07:00:00,49,107.98,Card,Delivered,Rider B,Cavite
393,Ana,KFC,Fast Food,2026-04-17 08:00:00,43,242.9,GCash,Delivered,Rider A,Laguna
394,Juan,Chowking,Drinks,2026-04-17 09:00:00,20,184.66,Card,Delivered,Rider B,Manila
395,Juan,Mang Inasal,Drinks,2026-04-17 10:00:00,26,399.19,Cash,Cancelled,Rider A,Cavite
396,Ana,Mang Inasal,Drinks,2026-04-17 11:00:00,37,248.1,GCash,Delivered,Rider C,Laguna
397,Pedro,Mang Inasal,Dessert,2026-04-17 12:00:00,16,345.44,GCash,Cancelled,Rider B,Manila
398,Ana,KFC,Fast Food,2026-04-17 13:00:00,20,241.72,GCash,Late,Rider A,Cavite
399,Juan,Chowking,Drinks,2026-04-17 14:00:00,10,101.61,GCash,Delivered,Rider C,Laguna
400,Maria,KFC,Dessert,2026-04-17 15:00:00,57,134.46,Card,Cancelled,Rider A,Cavite
401,Pedro,KFC,Dessert,2026-04-17 16:00:00,18,213.05,GCash,Cancelled,Rider C,Laguna
402,Maria,Chowking,Fast Food,2026-04-17 17:00:00,52,408.49,Card,Delivered,Rider C,Cavite
403,Jose,KFC,Dessert,2026-04-17 18:00:00,35,300.28,Card,Cancelled,Rider C,Cavite
404,Pedro,Chowking,Drinks,2026-04-17 19:00:00,24,187.64,Card,Cancelled,Rider B,Manila
405,Maria,McDo,Fast Food,2026-04-17 20:00:00,39,325.52,Card,Delivered,Rider B,Cavite
406,Pedro,KFC,Dessert,2026-04-17 21:00:00,31,330.38,Cash,Cancelled,Rider C,Cavite
407,Ana,Mang Inasal,Drinks,2026-04-17 22:00:00,13,320.81,Card,Late,Rider C,Laguna
408,Pedro,Mang Inasal,Fast Food,2026-04-17 23:00:00,12,134.22,GCash,Late,Rider A,Cavite
409,Jose,Chowking,Dessert,2026-04-18 00:00:00,44,392.09,Card,Delivered,Rider B,Laguna
410,Juan,Mang Inasal,Drinks,2026-04-18 01:00:00,43,303.08,GCash,Delivered,Rider A,Laguna
411,Maria,Jollibee,Fast Food,2026-04-18 02:00:00,24,206.9,Card,Cancelled,Rider B,Manila
412,Jose,McDo,Drinks,2026-04-18 03:00:00,49,392.47,GCash,Delivered,Rider B,Cavite
413,Pedro,Jollibee,Fast Food,2026-04-18 04:00:00,58,278.91,Card,Late,Rider C,Cavite
414,Juan,Chowking,Drinks,2026-04-18 05:00:00,51,367.69,Cash,Late,Rider B,Cavite
415,Pedro,Mang Inasal,Fast Food,2026-04-18 06:00:00,53,159.63,Cash,Late,Rider A,Laguna
416,Pedro,KFC,Drinks,2026-04-18 07:00:00,22,281.37,Card,Late,Rider A,Manila
417,Ana,McDo,Dessert,2026-04-18 08:00:00,57,466.56,GCash,Delivered,Rider C,Cavite
418,Pedro,Chowking,Fast Food,2026-04-18 09:00:00,31,427.0,GCash,Delivered,Rider A,Laguna
419,Juan,Chowking,Fast Food,2026-04-18 10:00:00,18,438.92,Card,Delivered,Rider A,Cavite
420,Ana,Mang Inasal,Drinks,2026-04-18 11:00:00,48,356.21,GCash,Cancelled,Rider A,Cavite
421,Maria,McDo,Drinks,2026-04-18 12:00:00,32,395.33,GCash,Delivered,Rider C,Cavite
422,Pedro,Chowking,Fast Food,2026-04-18 13:00:00,40,278.62,Card,Delivered,Rider B,Manila
423,Juan,McDo,Fast Food,2026-04-18 14:00:00,16,263.36,GCash,Delivered,Rider A,Manila
424,Juan,Jollibee,Dessert,2026-04-18 15:00:00,48,314.5,Cash,Cancelled,Rider A,Manila
425,Jose,Mang Inasal,Fast Food,2026-04-18 16:00:00,41,241.24,GCash,Delivered,Rider B,Cavite
426,Ana,KFC,Drinks,2026-04-18 17:00:00,30,340.87,Cash,Delivered,Rider B,Manila
427,Pedro,Chowking,Dessert,2026-04-18 18:00:00,30,113.04,Card,Delivered,Rider A,Manila
428,Ana,KFC,Fast Food,2026-04-18 19:00:00,47,311.08,Cash,Cancelled,Rider C,Cavite
429,Pedro,KFC,Drinks,2026-04-18 20:00:00,38,299.86,Cash,Cancelled,Rider B,Laguna
430,Pedro,Mang Inasal,Dessert,2026-04-18 21:00:00,55,211.14,GCash,Cancelled,Rider A,Cavite
431,Juan,Chowking,Fast Food,2026-04-18 22:00:00,32,445.99,Cash,Late,Rider B,Cavite
432,Juan,KFC,Drinks,2026-04-18 23:00:00,52,228.44,GCash,Delivered,Rider C,Laguna
433,Pedro,KFC,Drinks,2026-04-19 00:00:00,34,116.14,GCash,Late,Rider C,Cavite
434,Pedro,Mang Inasal,Dessert,2026-04-19 01:00:00,46,166.44,GCash,Late,Rider A,Laguna
435,Maria,Mang Inasal,Drinks,2026-04-19 02:00:00,25,321.16,Card,Delivered,Rider B,Manila
436,Ana,Chowking,Fast Food,2026-04-19 03:00:00,35,378.79,Cash,Cancelled,Rider A,Laguna
437,Juan,Jollibee,Dessert,2026-04-19 04:00:00,46,384.54,GCash,Late,Rider B,Manila
438,Pedro,Chowking,Drinks,2026-04-19 05:00:00,58,363.46,GCash,Delivered,Rider C,Laguna
439,Jose,Jollibee,Fast Food,2026-04-19 06:00:00,11,467.15,GCash,Delivered,Rider A,Laguna
440,Pedro,KFC,Fast Food,2026-04-19 07:00:00,11,338.58,GCash,Delivered,Rider C,Manila
441,Maria,Chowking,Drinks,2026-04-19 08:00:00,51,359.62,Card,Cancelled,Rider A,Laguna
442,Pedro,McDo,Drinks,2026-04-19 09:00:00,12,183.93,Card,Late,Rider A,Manila
443,Ana,McDo,Drinks,2026-04-19 10:00:00,26,323.36,Cash,Late,Rider B,Manila
444,Pedro,Jollibee,Fast Food,2026-04-19 11:00:00,21,356.28,Card,Cancelled,Rider A,Cavite
445,Pedro,Jollibee,Dessert,2026-04-19 12:00:00,36,264.32,GCash,Late,Rider B,Laguna
446,Ana,McDo,Fast Food,2026-04-19 13:00:00,16,218.41,Card,Late,Rider A,Cavite
447,Juan,McDo,Drinks,2026-04-19 14:00:00,29,143.97,Card,Late,Rider B,Manila
448,Jose,McDo,Dessert,2026-04-19 15:00:00,43,291.58,Cash,Delivered,Rider C,Cavite
449,Maria,Chowking,Fast Food,2026-04-19 16:00:00,46,112.44,Card,Cancelled,Rider A,Manila
450,Ana,Mang Inasal,Drinks,2026-04-19 17:00:00,51,210.79,GCash,Delivered,Rider B,Laguna
451,Juan,KFC,Dessert,2026-04-19 18:00:00,52,388.53,GCash,Late,Rider C,Manila
452,Jose,KFC,Dessert,2026-04-19 19:00:00,26,147.54,Cash,Delivered,Rider B,Cavite
453,Pedro,Jollibee,Drinks,2026-04-19 20:00:00,10,433.46,Card,Late,Rider B,Manila
454,Pedro,Jollibee,Drinks,2026-04-19 21:00:00,53,267.18,Card,Delivered,Rider C,Laguna
455,Juan,KFC,Dessert,2026-04-19 22:00:00,13,456.57,Card,Cancelled,Rider B,Manila
456,Pedro,Jollibee,Dessert,2026-04-19 23:00:00,39,273.53,Cash,Cancelled,Rider C,Laguna
457,Maria,Jollibee,Fast Food,2026-04-20 00:00:00,26,155.04,Cash,Delivered,Rider A,Cavite
458,Maria,McDo,Fast Food,2026-04-20 01:00:00,35,247.36,GCash,Delivered,Rider C,Laguna
459,Juan,Jollibee,Fast Food,2026-04-20 02:00:00,36,470.74,Card,Cancelled,Rider C,Manila
460,Maria,Jollibee,Drinks,2026-04-20 03:00:00,52,272.49,GCash,Delivered,Rider A,Cavite
461,Ana,Jollibee,Fast Food,2026-04-20 04:00:00,39,176.33,GCash,Late,Rider A,Manila
462,Pedro,Chowking,Fast Food,2026-04-20 05:00:00,59,192.15,GCash,Late,Rider B,Laguna
463,Ana,Jollibee,Drinks,2026-04-20 06:00:00,47,299.83,GCash,Delivered,Rider C,Cavite
464,Juan,Jollibee,Drinks,2026-04-20 07:00:00,47,383.97,GCash,Delivered,Rider C,Cavite
465,Ana,Mang Inasal,Drinks,2026-04-20 08:00:00,57,262.85,Card,Delivered,Rider C,Cavite
466,Maria,Chowking,Fast Food,2026-04-20 09:00:00,21,272.43,Card,Late,Rider B,Manila
467,Juan,Mang Inasal,Drinks,2026-04-20 10:00:00,45,421.47,GCash,Cancelled,Rider A,Laguna
468,Maria,Mang Inasal,Drinks,2026-04-20 11:00:00,44,157.05,Card,Cancelled,Rider A,Manila
469,Ana,KFC,Fast Food,2026-04-20 12:00:00,32,261.69,Card,Delivered,Rider A,Cavite
470,Juan,KFC,Fast Food,2026-04-20 13:00:00,53,396.13,GCash,Late,Rider C,Laguna
471,Pedro,Chowking,Drinks,2026-04-20 14:00:00,29,260.14,Cash,Delivered,Rider A,Cavite
472,Juan,Chowking,Drinks,2026-04-20 15:00:00,56,445.35,Cash,Delivered,Rider C,Manila
473,Ana,KFC,Fast Food,2026-04-20 16:00:00,35,193.41,Card,Cancelled,Rider C,Cavite
474,Ana,Jollibee,Fast Food,2026-04-20 17:00:00,42,299.87,Card,Delivered,Rider C,Laguna
475,Juan,McDo,Fast Food,2026-04-20 18:00:00,29,320.77,Cash,Cancelled,Rider A,Laguna
476,Jose,Mang Inasal,Drinks,2026-04-20 19:00:00,14,409.7,GCash,Delivered,Rider C,Cavite
477,Maria,McDo,Dessert,2026-04-20 20:00:00,45,187.04,Cash,Cancelled,Rider B,Manila
478,Ana,Jollibee,Dessert,2026-04-20 21:00:00,48,400.37,Cash,Cancelled,Rider A,Laguna
479,Ana,KFC,Fast Food,2026-04-20 22:00:00,47,287.15,GCash,Cancelled,Rider C,Laguna
480,Jose,McDo,Drinks,2026-04-20 23:00:00,26,103.04,Card,Cancelled,Rider C,Manila
481,Jose,Jollibee,Fast Food,2026-04-21 00:00:00,15,353.96,Cash,Delivered,Rider B,Cavite
482,Pedro,Mang Inasal,Dessert,2026-04-21 01:00:00,32,289.7,Cash,Delivered,Rider A,Cavite
483,Juan,McDo,Fast Food,2026-04-21 02:00:00,54,202.03,GCash,Delivered,Rider C,Laguna
484,Jose,Mang Inasal,Fast Food,2026-04-21 03:00:00,18,196.87,Card,Late,Rider C,Laguna
485,Juan,Jollibee,Drinks,2026-04-21 04:00:00,29,353.16,Card,Late,Rider B,Manila
486,Ana,McDo,Drinks,2026-04-21 05:00:00,19,178.8,Card,Delivered,Rider B,Cavite
487,Pedro,KFC,Fast Food,2026-04-21 06:00:00,13,357.6,Card,Cancelled,Rider C,Laguna
488,Pedro,McDo,Fast Food,2026-04-21 07:00:00,12,383.81,Cash,Cancelled,Rider B,Laguna
489,Juan,McDo,Fast Food,2026-04-21 08:00:00,28,116.85,Cash,Late,Rider C,Manila
490,Maria,KFC,Fast Food,2026-04-21 09:00:00,17,317.69,Card,Delivered,Rider C,Cavite
491,Pedro,KFC,Dessert,2026-04-21 10:00:00,34,438.49,Cash,Late,Rider C,Laguna
492,Juan,Jollibee,Drinks,2026-04-21 11:00:00,57,452.38,Cash,Delivered,Rider A,Cavite
493,Ana,KFC,Fast Food,2026-04-21 12:00:00,21,178.01,Card,Cancelled,Rider C,Laguna
494,Maria,KFC,Dessert,2026-04-21 13:00:00,12,419.76,Cash,Late,Rider C,Cavite
495,Maria,Chowking,Drinks,2026-04-21 14:00:00,36,299.2,Cash,Delivered,Rider C,Laguna
496,Maria,Chowking,Fast Food,2026-04-21 15:00:00,55,356.07,GCash,Delivered,Rider C,Manila
497,Maria,KFC,Dessert,2026-04-21 16:00:00,45,319.18,Card,Delivered,Rider C,Cavite
498,Jose,McDo,Drinks,2026-04-21 17:00:00,17,481.99,Card,Delivered,Rider A,Manila
499,Pedro,Jollibee,Dessert,2026-04-21 18:00:00,25,191.02,Card,Cancelled,Rider C,Cavite
500,Jose,Mang Inasal,Drinks,2026-04-21 19:00:00,40,216.71,GCash,Delivered,Rider B,Cavite
501,Maria,Jollibee,Fast Food,2026-04-21 20:00:00,18,142.73,Card,Late,Rider B,Laguna
502,Juan,Chowking,Dessert,2026-04-21 21:00:00,32,446.85,GCash,Cancelled,Rider C,Laguna
503,Juan,Mang Inasal,Fast Food,2026-04-21 22:00:00,52,140.39,Cash,Late,Rider A,Laguna
504,Juan,Mang Inasal,Dessert,2026-04-21 23:00:00,40,265.17,Cash,Late,Rider C,Laguna
505,Maria,Mang Inasal,Dessert,2026-04-22 00:00:00,37,415.63,Cash,Late,Rider B,Manila
506,Maria,McDo,Dessert,2026-04-22 01:00:00,10,399.17,Card,Delivered,Rider C,Cavite
507,Pedro,KFC,Drinks,2026-04-22 02:00:00,40,345.69,GCash,Cancelled,Rider A,Manila
508,Juan,Jollibee,Dessert,2026-04-22 03:00:00,30,340.1,Card,Late,Rider C,Cavite
509,Pedro,KFC,Drinks,2026-04-22 04:00:00,20,117.68,Card,Cancelled,Rider B,Manila
510,Pedro,Jollibee,Drinks,2026-04-22 05:00:00,28,143.42,Card,Late,Rider C,Cavite
511,Jose,Mang Inasal,Fast Food,2026-04-22 06:00:00,34,172.35,GCash,Cancelled,Rider C,Manila
512,Pedro,KFC,Fast Food,2026-04-22 07:00:00,53,319.04,Card,Delivered,Rider A,Cavite
513,Pedro,Mang Inasal,Dessert,2026-04-22 08:00:00,54,407.29,Card,Delivered,Rider C,Manila
514,Ana,KFC,Fast Food,2026-04-22 09:00:00,30,484.39,GCash,Late,Rider C,Manila
515,Ana,KFC,Fast Food,2026-04-22 10:00:00,51,190.17,GCash,Cancelled,Rider B,Manila
516,Ana,Jollibee,Drinks,2026-04-22 11:00:00,16,398.99,Card,Late,Rider B,Manila
517,Ana,McDo,Drinks,2026-04-22 12:00:00,33,351.67,GCash,Delivered,Rider C,Manila
518,Ana,Chowking,Dessert,2026-04-22 13:00:00,31,499.76,Card,Late,Rider C,Manila
519,Ana,Jollibee,Dessert,2026-04-22 14:00:00,14,181.74,GCash,Late,Rider A,Manila
520,Ana,Jollibee,Dessert,2026-04-22 15:00:00,28,177.7,Cash,Cancelled,Rider A,Cavite
521,Jose,McDo,Fast Food,2026-04-22 16:00:00,49,210.77,GCash,Cancelled,Rider C,Cavite
522,Ana,Chowking,Dessert,2026-04-22 17:00:00,17,287.49,Cash,Late,Rider B,Laguna
523,Pedro,Mang Inasal,Drinks,2026-04-22 18:00:00,13,144.44,Cash,Late,Rider A,Manila
524,Juan,Chowking,Drinks,2026-04-22 19:00:00,59,428.51,Card,Cancelled,Rider A,Manila
525,Pedro,Jollibee,Drinks,2026-04-22 20:00:00,13,466.82,Cash,Late,Rider C,Manila
526,Ana,Mang Inasal,Drinks,2026-04-22 21:00:00,53,333.33,Cash,Delivered,Rider B,Laguna
527,Jose,Chowking,Dessert,2026-04-22 22:00:00,37,281.4,Card,Late,Rider C,Cavite
528,Pedro,Chowking,Fast Food,2026-04-22 23:00:00,21,176.25,GCash,Cancelled,Rider A,Cavite
529,Pedro,KFC,Dessert,2026-04-23 00:00:00,36,447.81,GCash,Cancelled,Rider C,Cavite
530,Pedro,McDo,Drinks,2026-04-23 01:00:00,25,249.07,Card,Delivered,Rider C,Cavite
531,Ana,Chowking,Fast Food,2026-04-23 02:00:00,52,170.29,GCash,Delivered,Rider B,Cavite
532,Ana,McDo,Drinks,2026-04-23 03:00:00,13,363.28,Cash,Delivered,Rider B,Laguna
533,Ana,McDo,Dessert,2026-04-23 04:00:00,39,240.05,Card,Late,Rider C,Laguna
534,Juan,Jollibee,Fast Food,2026-04-23 05:00:00,14,147.56,Cash,Delivered,Rider C,Laguna
535,Ana,KFC,Drinks,2026-04-23 06:00:00,52,423.31,Card,Late,Rider A,Laguna
536,Pedro,Jollibee,Drinks,2026-04-23 07:00:00,16,352.43,Cash,Late,Rider C,Cavite
537,Juan,McDo,Drinks,2026-04-23 08:00:00,28,108.16,Cash,Late,Rider A,Manila
538,Maria,KFC,Fast Food,2026-04-23 09:00:00,35,170.06,Cash,Delivered,Rider C,Cavite
539,Juan,Jollibee,Dessert,2026-04-23 10:00:00,49,105.24,Cash,Late,Rider C,Laguna
540,Juan,Jollibee,Dessert,2026-04-23 11:00:00,12,418.15,Cash,Late,Rider A,Laguna
541,Ana,Chowking,Drinks,2026-04-23 12:00:00,52,237.73,GCash,Cancelled,Rider A,Laguna
542,Ana,Jollibee,Fast Food,2026-04-23 13:00:00,44,393.14,Card,Cancelled,Rider A,Manila
543,Pedro,McDo,Dessert,2026-04-23 14:00:00,48,106.44,Cash,Delivered,Rider B,Cavite
544,Pedro,Jollibee,Fast Food,2026-04-23 15:00:00,37,378.25,GCash,Cancelled,Rider A,Cavite
545,Pedro,Jollibee,Drinks,2026-04-23 16:00:00,53,155.71,GCash,Late,Rider B,Cavite
546,Juan,KFC,Dessert,2026-04-23 17:00:00,31,332.16,GCash,Cancelled,Rider B,Laguna
547,Ana,McDo,Drinks,2026-04-23 18:00:00,42,232.57,GCash,Late,Rider A,Laguna
548,Pedro,Chowking,Fast Food,2026-04-23 19:00:00,37,338.64,Card,Late,Rider A,Laguna
549,Juan,Jollibee,Drinks,2026-04-23 20:00:00,13,364.79,GCash,Delivered,Rider A,Manila
550,Maria,KFC,Dessert,2026-04-23 21:00:00,35,152.15,Card,Delivered,Rider B,Manila
551,Jose,Chowking,Drinks,2026-04-23 22:00:00,23,342.92,Cash,Delivered,Rider C,Cavite
552,Maria,Jollibee,Dessert,2026-04-23 23:00:00,30,484.7,Cash,Late,Rider C,Cavite
553,Maria,KFC,Dessert,2026-04-24 00:00:00,53,206.46,Cash,Late,Rider B,Laguna
554,Jose,Mang Inasal,Drinks,2026-04-24 01:00:00,43,281.43,Card,Cancelled,Rider B,Laguna
555,Juan,Mang Inasal,Dessert,2026-04-24 02:00:00,23,424.4,Card,Late,Rider A,Laguna
556,Juan,Chowking,Drinks,2026-04-24 03:00:00,47,293.89,Card,Cancelled,Rider C,Laguna
557,Ana,Mang Inasal,Fast Food,2026-04-24 04:00:00,40,222.9,Cash,Delivered,Rider B,Cavite
558,Ana,Jollibee,Drinks,2026-04-24 05:00:00,18,394.93,GCash,Delivered,Rider A,Cavite
559,Juan,Jollibee,Dessert,2026-04-24 06:00:00,10,332.93,Card,Cancelled,Rider B,Cavite
560,Juan,Mang Inasal,Fast Food,2026-04-24 07:00:00,34,472.43,Cash,Late,Rider B,Laguna
561,Maria,KFC,Fast Food,2026-04-24 08:00:00,11,372.75,GCash,Late,Rider C,Laguna
562,Ana,KFC,Drinks,2026-04-24 09:00:00,54,496.19,Cash,Cancelled,Rider C,Manila
563,Pedro,Jollibee,Dessert,2026-04-24 10:00:00,45,295.66,GCash,Cancelled,Rider B,Laguna
564,Juan,Mang Inasal,Dessert,2026-04-24 11:00:00,51,272.48,Card,Cancelled,Rider B,Cavite
565,Jose,McDo,Drinks,2026-04-24 12:00:00,38,464.59,Cash,Late,Rider B,Laguna
566,Jose,KFC,Drinks,2026-04-24 13:00:00,56,448.16,Card,Late,Rider C,Cavite
567,Juan,Chowking,Dessert,2026-04-24 14:00:00,20,326.8,Cash,Late,Rider B,Manila
568,Jose,Jollibee,Fast Food,2026-04-24 15:00:00,28,253.42,GCash,Delivered,Rider B,Manila
569,Jose,McDo,Fast Food,2026-04-24 16:00:00,52,127.99,GCash,Late,Rider A,Cavite
570,Ana,Jollibee,Fast Food,2026-04-24 17:00:00,40,321.46,GCash,Late,Rider A,Cavite
571,Ana,McDo,Fast Food,2026-04-24 18:00:00,27,321.81,Cash,Late,Rider C,Laguna
572,Ana,KFC,Fast Food,2026-04-24 19:00:00,52,404.04,GCash,Cancelled,Rider C,Manila
573,Jose,McDo,Fast Food,2026-04-24 20:00:00,26,472.69,Cash,Delivered,Rider B,Manila
574,Pedro,Chowking,Dessert,2026-04-24 21:00:00,16,145.92,Cash,Delivered,Rider B,Laguna
575,Maria,McDo,Dessert,2026-04-24 22:00:00,49,131.54,GCash,Late,Rider B,Cavite
576,Jose,Mang Inasal,Dessert,2026-04-24 23:00:00,48,115.94,GCash,Cancelled,Rider B,Manila
577,Juan,Jollibee,Fast Food,2026-04-25 00:00:00,27,250.35,Cash,Late,Rider B,Cavite
578,Ana,McDo,Dessert,2026-04-25 01:00:00,44,479.55,Card,Late,Rider A,Cavite
579,Maria,Mang Inasal,Dessert,2026-04-25 02:00:00,29,191.76,Card,Late,Rider C,Cavite
580,Juan,Jollibee,Dessert,2026-04-25 03:00:00,59,498.02,Cash,Delivered,Rider C,Cavite
581,Juan,Chowking,Drinks,2026-04-25 04:00:00,31,296.23,Card,Delivered,Rider B,Laguna
582,Juan,Mang Inasal,Dessert,2026-04-25 05:00:00,35,270.8,GCash,Delivered,Rider B,Manila
583,Ana,McDo,Dessert,2026-04-25 06:00:00,26,499.73,Cash,Cancelled,Rider C,Cavite
584,Jose,Mang Inasal,Fast Food,2026-04-25 07:00:00,39,304.09,GCash,Late,Rider A,Manila
585,Juan,Mang Inasal,Drinks,2026-04-25 08:00:00,37,123.53,Cash,Late,Rider A,Laguna
586,Juan,KFC,Dessert,2026-04-25 09:00:00,50,268.89,Cash,Cancelled,Rider A,Manila
587,Ana,Chowking,Dessert,2026-04-25 10:00:00,47,481.3,Cash,Late,Rider B,Manila
588,Jose,Chowking,Fast Food,2026-04-25 11:00:00,56,223.57,GCash,Late,Rider B,Laguna
589,Maria,Chowking,Drinks,2026-04-25 12:00:00,42,471.19,Cash,Delivered,Rider C,Laguna
590,Juan,Chowking,Drinks,2026-04-25 13:00:00,24,314.25,GCash,Delivered,Rider B,Manila
591,Maria,Jollibee,Fast Food,2026-04-25 14:00:00,20,195.59,Card,Cancelled,Rider A,Cavite
592,Jose,Mang Inasal,Drinks,2026-04-25 15:00:00,11,287.09,Card,Cancelled,Rider C,Manila
593,Jose,McDo,Dessert,2026-04-25 16:00:00,49,374.2,GCash,Late,Rider C,Manila
594,Jose,McDo,Dessert,2026-04-25 17:00:00,52,157.11,GCash,Late,Rider B,Cavite
595,Juan,Jollibee,Dessert,2026-04-25 18:00:00,35,108.07,Cash,Delivered,Rider B,Cavite
596,Pedro,KFC,Drinks,2026-04-25 19:00:00,37,479.74,Card,Delivered,Rider A,Cavite
597,Pedro,KFC,Drinks,2026-04-25 20:00:00,15,255.32,Cash,Cancelled,Rider A,Cavite
598,Pedro,McDo,Dessert,2026-04-25 21:00:00,52,407.54,Cash,Delivered,Rider B,Cavite
599,Jose,McDo,Dessert,2026-04-25 22:00:00,12,405.46,Cash,Cancelled,Rider C,Cavite
600,Juan,McDo,Dessert,2026-04-25 23:00:00,10,145.26,GCash,Delivered,Rider A,Cavite
601,Juan,Chowking,Drinks,2026-04-26 00:00:00,50,448.01,GCash,Delivered,Rider B,Cavite
602,Juan,Mang Inasal,Dessert,2026-04-26 01:00:00,17,249.9,GCash,Late,Rider A,Manila
603,Juan,Jollibee,Dessert,2026-04-26 02:00:00,11,104.32,Card,Delivered,Rider C,Laguna
604,Pedro,Chowking,Drinks,2026-04-26 03:00:00,19,366.16,Cash,Delivered,Rider C,Laguna
605,Jose,Jollibee,Fast Food,2026-04-26 04:00:00,35,411.07,Cash,Cancelled,Rider B,Manila
606,Juan,Mang Inasal,Dessert,2026-04-26 05:00:00,14,402.06,Cash,Late,Rider A,Manila
607,Ana,KFC,Dessert,2026-04-26 06:00:00,13,263.23,Card,Delivered,Rider C,Laguna
608,Maria,Mang Inasal,Drinks,2026-04-26 07:00:00,35,174.57,GCash,Late,Rider B,Laguna
609,Ana,Mang Inasal,Fast Food,2026-04-26 08:00:00,19,219.97,Cash,Late,Rider C,Laguna
610,Pedro,Jollibee,Fast Food,2026-04-26 09:00:00,12,293.62,Cash,Cancelled,Rider B,Cavite
611,Juan,McDo,Fast Food,2026-04-26 10:00:00,10,183.68,GCash,Delivered,Rider B,Manila
612,Ana,KFC,Fast Food,2026-04-26 11:00:00,38,372.66,Card,Delivered,Rider B,Laguna
613,Juan,Jollibee,Drinks,2026-04-26 12:00:00,20,289.21,GCash,Delivered,Rider B,Laguna
614,Jose,KFC,Dessert,2026-04-26 13:00:00,11,281.86,GCash,Delivered,Rider B,Manila
615,Jose,Jollibee,Fast Food,2026-04-26 14:00:00,24,130.49,GCash,Delivered,Rider A,Manila
616,Ana,Chowking,Fast Food,2026-04-26 15:00:00,26,249.94,Cash,Late,Rider A,Laguna
617,Pedro,KFC,Dessert,2026-04-26 16:00:00,36,175.49,GCash,Cancelled,Rider A,Laguna
618,Jose,Chowking,Drinks,2026-04-26 17:00:00,36,286.35,Card,Cancelled,Rider A,Cavite
619,Jose,McDo,Fast Food,2026-04-26 18:00:00,39,233.59,GCash,Cancelled,Rider C,Cavite
620,Maria,McDo,Fast Food,2026-04-26 19:00:00,36,405.1,Card,Delivered,Rider A,Manila
621,Juan,Chowking,Dessert,2026-04-26 20:00:00,40,396.3,GCash,Late,Rider A,Cavite
622,Maria,Mang Inasal,Drinks,2026-04-26 21:00:00,44,325.99,GCash,Delivered,Rider A,Manila
623,Juan,Chowking,Drinks,2026-04-26 22:00:00,25,226.47,Cash,Delivered,Rider A,Manila
624,Juan,Jollibee,Fast Food,2026-04-26 23:00:00,13,171.02,GCash,Late,Rider B,Laguna
625,Juan,Mang Inasal,Dessert,2026-04-27 00:00:00,44,377.27,GCash,Delivered,Rider B,Laguna
626,Pedro,KFC,Drinks,2026-04-27 01:00:00,58,340.25,Card,Delivered,Rider B,Cavite
627,Juan,McDo,Drinks,2026-04-27 02:00:00,20,454.01,Card,Delivered,Rider A,Cavite
628,Jose,Mang Inasal,Dessert,2026-04-27 03:00:00,41,398.38,Card,Cancelled,Rider B,Laguna
629,Jose,McDo,Dessert,2026-04-27 04:00:00,49,475.03,GCash,Cancelled,Rider C,Cavite
630,Maria,Chowking,Dessert,2026-04-27 05:00:00,15,224.01,Cash,Cancelled,Rider C,Manila
631,Ana,Jollibee,Dessert,2026-04-27 06:00:00,10,362.89,Card,Cancelled,Rider C,Laguna
632,Ana,KFC,Dessert,2026-04-27 07:00:00,55,298.09,Card,Cancelled,Rider C,Laguna
633,Juan,Jollibee,Fast Food,2026-04-27 08:00:00,22,206.55,Cash,Delivered,Rider C,Manila
634,Maria,Jollibee,Dessert,2026-04-27 09:00:00,33,309.15,GCash,Cancelled,Rider C,Laguna
635,Maria,McDo,Fast Food,2026-04-27 10:00:00,55,359.45,Cash,Late,Rider A,Cavite
636,Jose,Mang Inasal,Dessert,2026-04-27 11:00:00,29,191.83,GCash,Late,Rider C,Cavite
637,Ana,Mang Inasal,Dessert,2026-04-27 12:00:00,44,498.66,GCash,Late,Rider B,Laguna
638,Pedro,Chowking,Drinks,2026-04-27 13:00:00,32,335.14,GCash,Delivered,Rider A,Manila
639,Maria,Mang Inasal,Dessert,2026-04-27 14:00:00,12,194.87,GCash,Cancelled,Rider A,Cavite
640,Juan,KFC,Drinks,2026-04-27 15:00:00,11,332.18,Cash,Delivered,Rider A,Manila
641,Pedro,Chowking,Drinks,2026-04-27 16:00:00,15,188.28,Card,Late,Rider B,Cavite
642,Maria,KFC,Drinks,2026-04-27 17:00:00,25,436.19,Cash,Delivered,Rider C,Manila
643,Juan,Mang Inasal,Drinks,2026-04-27 18:00:00,13,481.27,GCash,Cancelled,Rider A,Manila
644,Maria,KFC,Dessert,2026-04-27 19:00:00,15,247.09,Cash,Delivered,Rider C,Manila
645,Jose,Jollibee,Dessert,2026-04-27 20:00:00,11,347.02,Cash,Late,Rider A,Laguna
646,Jose,Jollibee,Drinks,2026-04-27 21:00:00,16,308.05,GCash,Delivered,Rider B,Laguna
647,Juan,McDo,Dessert,2026-04-27 22:00:00,30,461.31,GCash,Cancelled,Rider A,Cavite
648,Ana,Jollibee,Drinks,2026-04-27 23:00:00,28,416.23,Card,Cancelled,Rider A,Cavite
649,Maria,Mang Inasal,Dessert,2026-04-28 00:00:00,27,361.37,GCash,Cancelled,Rider B,Cavite
650,Juan,Mang Inasal,Dessert,2026-04-28 01:00:00,24,264.95,GCash,Cancelled,Rider A,Laguna
651,Maria,Jollibee,Dessert,2026-04-28 02:00:00,40,116.87,Cash,Late,Rider C,Laguna
652,Jose,Mang Inasal,Drinks,2026-04-28 03:00:00,12,453.63,Card,Late,Rider B,Cavite
653,Juan,Mang Inasal,Dessert,2026-04-28 04:00:00,29,208.31,Cash,Late,Rider B,Cavite
654,Maria,Jollibee,Drinks,2026-04-28 05:00:00,10,379.47,Card,Cancelled,Rider C,Laguna
655,Ana,KFC,Drinks,2026-04-28 06:00:00,26,149.03,Card,Late,Rider C,Cavite
656,Maria,Chowking,Dessert,2026-04-28 07:00:00,23,472.22,Cash,Delivered,Rider B,Cavite
657,Jose,Jollibee,Dessert,2026-04-28 08:00:00,11,222.49,Card,Late,Rider C,Manila
658,Jose,Mang Inasal,Dessert,2026-04-28 09:00:00,57,222.87,Cash,Cancelled,Rider C,Cavite
659,Maria,Mang Inasal,Drinks,2026-04-28 10:00:00,25,155.9,Cash,Delivered,Rider A,Laguna
660,Juan,KFC,Fast Food,2026-04-28 11:00:00,48,123.99,Cash,Cancelled,Rider B,Cavite
661,Jose,Chowking,Dessert,2026-04-28 12:00:00,53,200.02,Cash,Cancelled,Rider C,Manila
662,Pedro,Chowking,Fast Food,2026-04-28 13:00:00,55,121.6,Cash,Late,Rider A,Laguna
663,Ana,Chowking,Drinks,2026-04-28 14:00:00,47,267.45,Cash,Cancelled,Rider B,Manila
664,Pedro,Chowking,Dessert,2026-04-28 15:00:00,43,237.31,Card,Delivered,Rider B,Manila
665,Jose,KFC,Dessert,2026-04-28 16:00:00,39,195.88,GCash,Late,Rider C,Manila
666,Jose,Jollibee,Dessert,2026-04-28 17:00:00,23,111.99,GCash,Late,Rider B,Manila
667,Juan,KFC,Dessert,2026-04-28 18:00:00,43,350.95,GCash,Late,Rider C,Laguna
668,Ana,Chowking,Drinks,2026-04-28 19:00:00,57,173.82,GCash,Late,Rider B,Laguna
669,Maria,Mang Inasal,Drinks,2026-04-28 20:00:00,19,302.78,GCash,Cancelled,Rider A,Cavite
670,Juan,Jollibee,Drinks,2026-04-28 21:00:00,23,349.37,Card,Delivered,Rider C,Laguna
671,Juan,Jollibee,Fast Food,2026-04-28 22:00:00,32,168.07,Card,Cancelled,Rider B,Manila
672,Jose,Chowking,Dessert,2026-04-28 23:00:00,19,388.56,Cash,Delivered,Rider A,Manila
673,Maria,McDo,Drinks,2026-04-29 00:00:00,13,179.07,GCash,Cancelled,Rider B,Laguna
674,Maria,Chowking,Drinks,2026-04-29 01:00:00,14,378.65,GCash,Delivered,Rider C,Manila
675,Juan,Mang Inasal,Fast Food,2026-04-29 02:00:00,46,310.28,Cash,Delivered,Rider B,Cavite
676,Ana,Mang Inasal,Dessert,2026-04-29 03:00:00,10,214.89,GCash,Cancelled,Rider B,Laguna
677,Juan,Jollibee,Fast Food,2026-04-29 04:00:00,58,280.31,GCash,Late,Rider A,Laguna
678,Ana,Chowking,Drinks,2026-04-29 05:00:00,57,380.43,Cash,Delivered,Rider C,Manila
679,Maria,Chowking,Drinks,2026-04-29 06:00:00,14,200.62,Card,Late,Rider C,Laguna
680,Ana,Chowking,Drinks,2026-04-29 07:00:00,19,366.78,Card,Late,Rider B,Manila
681,Pedro,McDo,Dessert,2026-04-29 08:00:00,42,381.77,Cash,Cancelled,Rider A,Cavite
682,Jose,KFC,Drinks,2026-04-29 09:00:00,12,177.78,Cash,Cancelled,Rider C,Cavite
683,Pedro,Jollibee,Fast Food,2026-04-29 10:00:00,32,287.95,Card,Late,Rider B,Cavite
684,Ana,Chowking,Fast Food,2026-04-29 11:00:00,11,370.95,GCash,Late,Rider B,Laguna
685,Ana,McDo,Fast Food,2026-04-29 12:00:00,17,105.93,GCash,Late,Rider A,Manila
686,Jose,KFC,Dessert,2026-04-29 13:00:00,21,346.22,Card,Delivered,Rider A,Cavite
687,Jose,Mang Inasal,Fast Food,2026-04-29 14:00:00,17,176.35,GCash,Delivered,Rider C,Laguna
688,Pedro,Jollibee,Fast Food,2026-04-29 15:00:00,56,294.56,GCash,Cancelled,Rider B,Laguna
689,Juan,KFC,Drinks,2026-04-29 16:00:00,19,421.96,GCash,Cancelled,Rider A,Cavite
690,Maria,McDo,Fast Food,2026-04-29 17:00:00,40,462.71,Cash,Cancelled,Rider A,Cavite
691,Pedro,Chowking,Fast Food,2026-04-29 18:00:00,34,115.63,Cash,Delivered,Rider C,Manila
692,Jose,McDo,Fast Food,2026-04-29 19:00:00,35,235.9,Cash,Cancelled,Rider B,Cavite
693,Maria,Mang Inasal,Drinks,2026-04-29 20:00:00,57,157.26,Card,Late,Rider B,Cavite
694,Juan,KFC,Drinks,2026-04-29 21:00:00,41,189.51,GCash,Cancelled,Rider C,Laguna
695,Jose,McDo,Dessert,2026-04-29 22:00:00,30,335.35,Card,Delivered,Rider B,Laguna
696,Jose,McDo,Drinks,2026-04-29 23:00:00,45,166.57,GCash,Late,Rider B,Laguna
697,Jose,KFC,Dessert,2026-04-30 00:00:00,54,239.97,Cash,Cancelled,Rider B,Manila
698,Juan,Mang Inasal,Dessert,2026-04-30 01:00:00,37,366.52,GCash,Late,Rider A,Laguna
699,Juan,Mang Inasal,Drinks,2026-04-30 02:00:00,57,260.63,Card,Late,Rider C,Cavite
700,Juan,Jollibee,Dessert,2026-04-30 03:00:00,18,254.39,Cash,Late,Rider B,Cavite
701,Maria,Mang Inasal,Dessert,2026-04-30 04:00:00,54,409.57,GCash,Cancelled,Rider C,Manila
702,Jose,KFC,Drinks,2026-04-30 05:00:00,41,136.15,Card,Late,Rider B,Laguna
703,Pedro,KFC,Dessert,2026-04-30 06:00:00,13,450.5,GCash,Cancelled,Rider C,Manila
704,Juan,Jollibee,Dessert,2026-04-30 07:00:00,42,336.58,GCash,Delivered,Rider A,Manila
705,Ana,McDo,Dessert,2026-04-30 08:00:00,10,152.33,Cash,Cancelled,Rider A,Cavite
706,Pedro,Jollibee,Dessert,2026-04-30 09:00:00,23,369.2,Card,Late,Rider C,Laguna
707,Pedro,McDo,Drinks,2026-04-30 10:00:00,45,212.11,Card,Delivered,Rider C,Laguna
708,Juan,McDo,Dessert,2026-04-30 11:00:00,37,378.73,Card,Late,Rider A,Manila
709,Maria,KFC,Drinks,2026-04-30 12:00:00,58,392.98,Cash,Late,Rider A,Laguna
710,Pedro,Jollibee,Dessert,2026-04-30 13:00:00,31,382.96,Cash,Delivered,Rider B,Manila
711,Pedro,Chowking,Fast Food,2026-04-30 14:00:00,57,120.7,GCash,Cancelled,Rider C,Laguna
712,Maria,Chowking,Dessert,2026-04-30 15:00:00,51,377.42,Cash,Delivered,Rider C,Cavite
713,Pedro,Jollibee,Fast Food,2026-04-30 16:00:00,30,138.42,Card,Late,Rider C,Manila
714,Maria,KFC,Dessert,2026-04-30 17:00:00,21,213.21,GCash,Cancelled,Rider A,Manila
715,Maria,Jollibee,Drinks,2026-04-30 18:00:00,19,121.83,GCash,Cancelled,Rider A,Manila
716,Jose,Mang Inasal,Dessert,2026-04-30 19:00:00,30,315.5,GCash,Cancelled,Rider C,Manila
717,Maria,Chowking,Dessert,2026-04-30 20:00:00,15,355.79,Card,Late,Rider A,Manila
718,Jose,Mang Inasal,Fast Food,2026-04-30 21:00:00,50,344.7,Card,Delivered,Rider C,Cavite
719,Maria,KFC,Dessert,2026-04-30 22:00:00,50,211.03,GCash,Delivered,Rider B,Laguna
720,Juan,Chowking,Fast Food,2026-04-30 23:00:00,54,189.33,Card,Delivered,Rider C,Laguna
721,Maria,Jollibee,Fast Food,2026-05-01 00:00:00,48,270.88,GCash,Delivered,Rider C,Manila
722,Juan,Chowking,Dessert,2026-05-01 01:00:00,55,114.24,Cash,Cancelled,Rider C,Manila
723,Juan,Chowking,Dessert,2026-05-01 02:00:00,57,489.1,GCash,Delivered,Rider B,Manila
724,Pedro,McDo,Dessert,2026-05-01 03:00:00,24,236.44,Card,Delivered,Rider B,Laguna
725,Pedro,KFC,Dessert,2026-05-01 04:00:00,10,289.32,Card,Cancelled,Rider B,Cavite
726,Juan,Chowking,Fast Food,2026-05-01 05:00:00,50,454.11,Card,Delivered,Rider C,Manila
727,Ana,KFC,Drinks,2026-05-01 06:00:00,51,176.37,GCash,Delivered,Rider B,Cavite
728,Pedro,McDo,Drinks,2026-05-01 07:00:00,33,133.07,Card,Cancelled,Rider A,Laguna
729,Pedro,KFC,Dessert,2026-05-01 08:00:00,41,492.67,Card,Cancelled,Rider C,Cavite
730,Maria,Jollibee,Fast Food,2026-05-01 09:00:00,51,326.23,Card,Late,Rider C,Cavite
731,Pedro,Mang Inasal,Drinks,2026-05-01 10:00:00,11,153.18,Card,Cancelled,Rider A,Manila
732,Juan,KFC,Fast Food,2026-05-01 11:00:00,53,496.73,Card,Late,Rider C,Manila
733,Maria,McDo,Drinks,2026-05-01 12:00:00,54,373.7,Card,Late,Rider A,Cavite
734,Maria,Chowking,Fast Food,2026-05-01 13:00:00,35,368.8,GCash,Delivered,Rider B,Laguna
735,Ana,Mang Inasal,Fast Food,2026-05-01 14:00:00,59,121.58,GCash,Delivered,Rider A,Cavite
736,Maria,KFC,Dessert,2026-05-01 15:00:00,35,142.58,GCash,Delivered,Rider B,Cavite
737,Juan,KFC,Fast Food,2026-05-01 16:00:00,47,134.47,GCash,Cancelled,Rider B,Cavite
738,Maria,Mang Inasal,Drinks,2026-05-01 17:00:00,55,277.49,GCash,Delivered,Rider B,Cavite
739,Pedro,KFC,Drinks,2026-05-01 18:00:00,22,127.39,Card,Delivered,Rider C,Cavite
740,Maria,Mang Inasal,Drinks,2026-05-01 19:00:00,18,126.01,Card,Late,Rider B,Manila
741,Maria,KFC,Drinks,2026-05-01 20:00:00,13,237.32,GCash,Delivered,Rider A,Cavite
742,Ana,Jollibee,Drinks,2026-05-01 21:00:00,12,247.48,Card,Cancelled,Rider A,Cavite
743,Juan,McDo,Dessert,2026-05-01 22:00:00,55,488.59,Card,Cancelled,Rider C,Laguna
744,Juan,Jollibee,Drinks,2026-05-01 23:00:00,54,145.63,Cash,Cancelled,Rider A,Cavite
745,Jose,Chowking,Dessert,2026-05-02 00:00:00,12,335.04,Card,Delivered,Rider C,Cavite
746,Juan,Jollibee,Dessert,2026-05-02 01:00:00,59,313.98,Card,Cancelled,Rider C,Cavite
747,Ana,McDo,Drinks,2026-05-02 02:00:00,22,492.02,Card,Late,Rider B,Laguna
748,Ana,McDo,Dessert,2026-05-02 03:00:00,12,109.1,Cash,Late,Rider C,Cavite
749,Pedro,Chowking,Fast Food,2026-05-02 04:00:00,36,253.39,Card,Cancelled,Rider A,Manila
750,Maria,Mang Inasal,Dessert,2026-05-02 05:00:00,28,492.36,GCash,Late,Rider C,Laguna
751,Pedro,McDo,Fast Food,2026-05-02 06:00:00,17,408.59,GCash,Late,Rider B,Manila
752,Juan,Mang Inasal,Fast Food,2026-05-02 07:00:00,40,237.82,GCash,Delivered,Rider C,Manila
753,Jose,Mang Inasal,Drinks,2026-05-02 08:00:00,17,308.93,Card,Delivered,Rider C,Laguna
754,Ana,Mang Inasal,Fast Food,2026-05-02 09:00:00,35,220.89,Card,Delivered,Rider B,Laguna
755,Pedro,Jollibee,Fast Food,2026-05-02 10:00:00,57,190.41,Card,Late,Rider C,Manila
756,Pedro,Mang Inasal,Fast Food,2026-05-02 11:00:00,41,259.16,Cash,Cancelled,Rider C,Cavite
757,Jose,Jollibee,Fast Food,2026-05-02 12:00:00,23,441.26,Cash,Cancelled,Rider A,Manila
758,Juan,Mang Inasal,Dessert,2026-05-02 13:00:00,57,233.06,GCash,Late,Rider B,Manila
759,Pedro,McDo,Drinks,2026-05-02 14:00:00,55,327.09,Cash,Cancelled,Rider B,Laguna
760,Juan,McDo,Dessert,2026-05-02 15:00:00,57,495.51,Cash,Late,Rider B,Manila
761,Jose,Mang Inasal,Fast Food,2026-05-02 16:00:00,12,410.56,Card,Delivered,Rider C,Laguna
762,Maria,Chowking,Dessert,2026-05-02 17:00:00,20,126.91,GCash,Late,Rider C,Manila
763,Pedro,Jollibee,Fast Food,2026-05-02 18:00:00,26,180.5,Card,Delivered,Rider A,Cavite
764,Maria,Chowking,Fast Food,2026-05-02 19:00:00,38,451.73,Card,Cancelled,Rider C,Manila
765,Ana,McDo,Drinks,2026-05-02 20:00:00,52,106.28,Cash,Delivered,Rider B,Cavite
766,Ana,Jollibee,Dessert,2026-05-02 21:00:00,28,417.67,Card,Cancelled,Rider B,Manila
767,Jose,McDo,Dessert,2026-05-02 22:00:00,30,260.2,Card,Late,Rider B,Cavite
768,Ana,Chowking,Fast Food,2026-05-02 23:00:00,45,409.9,Cash,Late,Rider C,Cavite
769,Pedro,KFC,Dessert,2026-05-03 00:00:00,44,382.14,Cash,Cancelled,Rider C,Laguna
770,Ana,Jollibee,Fast Food,2026-05-03 01:00:00,40,376.39,Card,Delivered,Rider A,Laguna
771,Juan,Mang Inasal,Fast Food,2026-05-03 02:00:00,23,105.72,Cash,Late,Rider C,Manila
772,Jose,McDo,Fast Food,2026-05-03 03:00:00,18,433.81,Cash,Late,Rider B,Laguna
773,Juan,McDo,Fast Food,2026-05-03 04:00:00,19,182.16,GCash,Delivered,Rider A,Manila
774,Ana,KFC,Drinks,2026-05-03 05:00:00,47,484.59,Card,Cancelled,Rider A,Cavite
775,Maria,KFC,Dessert,2026-05-03 06:00:00,42,481.73,GCash,Cancelled,Rider C,Laguna
776,Juan,Mang Inasal,Dessert,2026-05-03 07:00:00,21,307.77,Cash,Delivered,Rider A,Manila
777,Jose,KFC,Dessert,2026-05-03 08:00:00,32,400.37,Cash,Cancelled,Rider B,Laguna
778,Jose,McDo,Fast Food,2026-05-03 09:00:00,18,130.51,Cash,Cancelled,Rider B,Manila
779,Pedro,KFC,Dessert,2026-05-03 10:00:00,54,272.74,GCash,Late,Rider A,Manila
780,Jose,Jollibee,Fast Food,2026-05-03 11:00:00,18,347.5,GCash,Delivered,Rider A,Manila
781,Ana,Mang Inasal,Drinks,2026-05-03 12:00:00,39,248.56,Cash,Cancelled,Rider A,Laguna
782,Juan,Chowking,Drinks,2026-05-03 13:00:00,43,467.39,GCash,Late,Rider A,Manila
783,Maria,Chowking,Drinks,2026-05-03 14:00:00,16,463.25,Card,Cancelled,Rider B,Manila
784,Pedro,KFC,Fast Food,2026-05-03 15:00:00,29,373.21,GCash,Late,Rider A,Cavite
785,Ana,Chowking,Fast Food,2026-05-03 16:00:00,38,338.74,Card,Delivered,Rider C,Cavite
786,Ana,Jollibee,Fast Food,2026-05-03 17:00:00,23,349.59,GCash,Cancelled,Rider A,Cavite
787,Maria,Chowking,Dessert,2026-05-03 18:00:00,49,258.93,Card,Late,Rider B,Manila
788,Juan,Jollibee,Drinks,2026-05-03 19:00:00,44,322.25,GCash,Cancelled,Rider A,Laguna
789,Maria,McDo,Dessert,2026-05-03 20:00:00,25,492.66,Card,Cancelled,Rider A,Cavite
790,Maria,KFC,Dessert,2026-05-03 21:00:00,53,167.76,Card,Cancelled,Rider C,Cavite
791,Maria,Mang Inasal,Fast Food,2026-05-03 22:00:00,10,384.06,GCash,Late,Rider B,Manila
792,Pedro,Mang Inasal,Drinks,2026-05-03 23:00:00,37,417.12,GCash,Delivered,Rider B,Laguna
793,Juan,KFC,Drinks,2026-05-04 00:00:00,43,494.24,Cash,Delivered,Rider B,Cavite
794,Juan,Jollibee,Drinks,2026-05-04 01:00:00,34,223.99,Card,Late,Rider A,Laguna
795,Ana,Chowking,Dessert,2026-05-04 02:00:00,20,240.46,GCash,Delivered,Rider B,Laguna
796,Jose,KFC,Fast Food,2026-05-04 03:00:00,34,254.78,Card,Late,Rider C,Manila
797,Ana,McDo,Fast Food,2026-05-04 04:00:00,45,356.24,GCash,Cancelled,Rider A,Manila
798,Juan,Mang Inasal,Fast Food,2026-05-04 05:00:00,59,341.04,GCash,Late,Rider A,Manila
799,Juan,Jollibee,Drinks,2026-05-04 06:00:00,56,189.04,Cash,Cancelled,Rider C,Manila
800,Pedro,KFC,Dessert,2026-05-04 07:00:00,31,371.81,GCash,Delivered,Rider B,Laguna
801,Maria,McDo,Drinks,2026-05-04 08:00:00,10,153.59,Cash,Cancelled,Rider B,Manila
802,Juan,Mang Inasal,Drinks,2026-05-04 09:00:00,46,130.74,Cash,Cancelled,Rider A,Manila
803,Pedro,KFC,Dessert,2026-05-04 10:00:00,57,302.33,Card,Delivered,Rider B,Manila
804,Maria,McDo,Drinks,2026-05-04 11:00:00,11,255.84,GCash,Delivered,Rider A,Cavite
805,Maria,Chowking,Fast Food,2026-05-04 12:00:00,28,218.56,Card,Cancelled,Rider C,Laguna
806,Maria,McDo,Dessert,2026-05-04 13:00:00,12,389.86,Cash,Late,Rider A,Cavite
807,Pedro,KFC,Drinks,2026-05-04 14:00:00,40,364.48,Cash,Late,Rider B,Laguna
808,Ana,McDo,Drinks,2026-05-04 15:00:00,20,490.96,GCash,Delivered,Rider B,Laguna
809,Pedro,Jollibee,Dessert,2026-05-04 16:00:00,32,147.16,Card,Late,Rider C,Cavite
810,Ana,Jollibee,Drinks,2026-05-04 17:00:00,59,304.56,Card,Late,Rider C,Laguna
811,Jose,Mang Inasal,Fast Food,2026-05-04 18:00:00,52,300.53,Card,Delivered,Rider B,Manila
812,Maria,Mang Inasal,Fast Food,2026-05-04 19:00:00,47,239.83,Card,Late,Rider B,Laguna
813,Pedro,McDo,Fast Food,2026-05-04 20:00:00,45,400.75,Cash,Delivered,Rider A,Laguna
814,Jose,KFC,Dessert,2026-05-04 21:00:00,55,468.58,GCash,Late,Rider A,Manila
815,Ana,KFC,Fast Food,2026-05-04 22:00:00,16,479.57,Cash,Delivered,Rider A,Cavite
816,Juan,Jollibee,Drinks,2026-05-04 23:00:00,37,442.23,GCash,Late,Rider A,Laguna
817,Maria,McDo,Fast Food,2026-05-05 00:00:00,56,319.15,Cash,Delivered,Rider B,Laguna
818,Jose,Jollibee,Fast Food,2026-05-05 01:00:00,47,450.47,Card,Delivered,Rider A,Cavite
819,Ana,Jollibee,Drinks,2026-05-05 02:00:00,48,318.26,Cash,Cancelled,Rider B,Manila
820,Ana,Chowking,Fast Food,2026-05-05 03:00:00,18,211.58,Cash,Cancelled,Rider B,Laguna
821,Pedro,McDo,Drinks,2026-05-05 04:00:00,31,236.71,GCash,Late,Rider C,Cavite
822,Maria,Mang Inasal,Fast Food,2026-05-05 05:00:00,46,341.05,Cash,Cancelled,Rider C,Cavite
823,Jose,Chowking,Fast Food,2026-05-05 06:00:00,45,474.44,Cash,Cancelled,Rider C,Cavite
824,Jose,Mang Inasal,Dessert,2026-05-05 07:00:00,55,158.82,Card,Late,Rider C,Manila
825,Pedro,Mang Inasal,Fast Food,2026-05-05 08:00:00,31,147.81,GCash,Late,Rider B,Laguna
826,Ana,Chowking,Fast Food,2026-05-05 09:00:00,21,400.68,GCash,Delivered,Rider A,Laguna
827,Jose,Jollibee,Fast Food,2026-05-05 10:00:00,21,183.86,Card,Cancelled,Rider B,Manila
828,Juan,Mang Inasal,Fast Food,2026-05-05 11:00:00,45,224.31,Cash,Late,Rider B,Laguna
829,Juan,KFC,Fast Food,2026-05-05 12:00:00,14,111.81,GCash,Cancelled,Rider B,Laguna
830,Juan,Jollibee,Fast Food,2026-05-05 13:00:00,55,255.26,Cash,Late,Rider C,Manila
831,Ana,KFC,Fast Food,2026-05-05 14:00:00,54,431.85,GCash,Late,Rider C,Cavite
832,Jose,Mang Inasal,Fast Food,2026-05-05 15:00:00,19,278.4,GCash,Delivered,Rider A,Manila
833,Jose,Chowking,Dessert,2026-05-05 16:00:00,49,459.23,Card,Cancelled,Rider C,Manila
834,Ana,McDo,Drinks,2026-05-05 17:00:00,13,169.26,Cash,Delivered,Rider A,Cavite
835,Jose,KFC,Fast Food,2026-05-05 18:00:00,10,118.59,Card,Late,Rider A,Laguna
836,Maria,McDo,Dessert,2026-05-05 19:00:00,49,117.51,GCash,Delivered,Rider A,Cavite
837,Juan,Chowking,Drinks,2026-05-05 20:00:00,43,169.12,GCash,Late,Rider A,Cavite
838,Maria,McDo,Fast Food,2026-05-05 21:00:00,14,487.38,GCash,Late,Rider B,Cavite
839,Jose,KFC,Drinks,2026-05-05 22:00:00,16,288.38,Card,Cancelled,Rider B,Manila
840,Pedro,Mang Inasal,Drinks,2026-05-05 23:00:00,31,373.6,GCash,Late,Rider B,Laguna
841,Ana,Chowking,Fast Food,2026-05-06 00:00:00,33,225.0,GCash,Late,Rider C,Laguna
842,Juan,Mang Inasal,Fast Food,2026-05-06 01:00:00,25,400.43,Cash,Late,Rider C,Laguna
843,Jose,McDo,Drinks,2026-05-06 02:00:00,36,307.14,GCash,Delivered,Rider B,Manila
844,Pedro,McDo,Dessert,2026-05-06 03:00:00,59,252.32,Cash,Delivered,Rider C,Laguna
845,Juan,KFC,Drinks,2026-05-06 04:00:00,33,417.63,Cash,Late,Rider C,Laguna
846,Juan,Mang Inasal,Fast Food,2026-05-06 05:00:00,29,425.84,Card,Cancelled,Rider B,Laguna
847,Ana,KFC,Fast Food,2026-05-06 06:00:00,53,408.6,Card,Delivered,Rider C,Laguna
848,Maria,KFC,Drinks,2026-05-06 07:00:00,13,464.09,GCash,Cancelled,Rider C,Cavite
849,Ana,Jollibee,Dessert,2026-05-06 08:00:00,34,166.78,Card,Cancelled,Rider B,Cavite
850,Maria,McDo,Fast Food,2026-05-06 09:00:00,48,402.86,Cash,Cancelled,Rider A,Laguna
851,Maria,Jollibee,Drinks,2026-05-06 10:00:00,26,130.69,Cash,Late,Rider A,Manila
852,Jose,McDo,Fast Food,2026-05-06 11:00:00,44,334.97,Cash,Delivered,Rider B,Laguna
853,Ana,Jollibee,Drinks,2026-05-06 12:00:00,32,103.69,Cash,Delivered,Rider C,Cavite
854,Maria,McDo,Dessert,2026-05-06 13:00:00,16,211.24,Cash,Cancelled,Rider C,Laguna
855,Pedro,KFC,Dessert,2026-05-06 14:00:00,39,306.98,Cash,Delivered,Rider B,Cavite
856,Pedro,McDo,Drinks,2026-05-06 15:00:00,55,104.14,Card,Delivered,Rider A,Laguna
857,Pedro,Jollibee,Fast Food,2026-05-06 16:00:00,34,408.74,Card,Late,Rider A,Manila
858,Jose,Jollibee,Dessert,2026-05-06 17:00:00,54,135.33,Card,Late,Rider C,Manila
859,Jose,McDo,Fast Food,2026-05-06 18:00:00,23,362.43,GCash,Late,Rider B,Manila
860,Pedro,Mang Inasal,Fast Food,2026-05-06 19:00:00,25,202.62,Card,Late,Rider C,Manila
861,Ana,Jollibee,Drinks,2026-05-06 20:00:00,36,433.87,Cash,Late,Rider C,Laguna
862,Pedro,Jollibee,Drinks,2026-05-06 21:00:00,58,189.12,Cash,Delivered,Rider A,Cavite
863,Jose,Jollibee,Fast Food,2026-05-06 22:00:00,34,497.71,Card,Late,Rider B,Manila
864,Pedro,Mang Inasal,Drinks,2026-05-06 23:00:00,47,442.57,GCash,Delivered,Rider B,Manila
865,Pedro,KFC,Fast Food,2026-05-07 00:00:00,42,360.22,Cash,Delivered,Rider B,Laguna
866,Maria,McDo,Fast Food,2026-05-07 01:00:00,16,301.77,GCash,Delivered,Rider C,Laguna
867,Ana,KFC,Dessert,2026-05-07 02:00:00,45,280.98,Cash,Delivered,Rider C,Manila
868,Jose,Chowking,Drinks,2026-05-07 03:00:00,20,378.86,Card,Delivered,Rider C,Cavite
869,Pedro,Jollibee,Dessert,2026-05-07 04:00:00,38,107.16,GCash,Late,Rider C,Laguna
870,Jose,Mang Inasal,Dessert,2026-05-07 05:00:00,26,418.03,Cash,Late,Rider B,Manila
871,Jose,KFC,Fast Food,2026-05-07 06:00:00,53,279.07,Cash,Delivered,Rider A,Manila
872,Juan,Chowking,Fast Food,2026-05-07 07:00:00,50,271.17,Card,Late,Rider A,Laguna
873,Maria,Jollibee,Drinks,2026-05-07 08:00:00,35,291.94,Cash,Late,Rider B,Cavite
874,Jose,Jollibee,Drinks,2026-05-07 09:00:00,28,308.72,Card,Cancelled,Rider A,Manila
875,Juan,Chowking,Drinks,2026-05-07 10:00:00,18,192.5,GCash,Late,Rider C,Manila
876,Jose,Jollibee,Drinks,2026-05-07 11:00:00,54,236.64,Card,Late,Rider C,Cavite
877,Maria,Mang Inasal,Drinks,2026-05-07 12:00:00,35,451.61,Card,Delivered,Rider A,Cavite
878,Pedro,KFC,Dessert,2026-05-07 13:00:00,55,304.49,Card,Late,Rider A,Cavite
879,Juan,Chowking,Fast Food,2026-05-07 14:00:00,47,170.64,Cash,Late,Rider B,Cavite
880,Pedro,McDo,Drinks,2026-05-07 15:00:00,26,162.06,Cash,Delivered,Rider B,Cavite
881,Jose,Jollibee,Drinks,2026-05-07 16:00:00,57,251.59,Card,Cancelled,Rider C,Laguna
882,Pedro,KFC,Dessert,2026-05-07 17:00:00,44,435.31,Card,Cancelled,Rider B,Manila
883,Ana,KFC,Fast Food,2026-05-07 18:00:00,39,266.79,GCash,Late,Rider A,Manila
884,Maria,McDo,Fast Food,2026-05-07 19:00:00,31,452.31,GCash,Late,Rider C,Manila
885,Maria,Mang Inasal,Dessert,2026-05-07 20:00:00,54,378.29,Card,Late,Rider C,Laguna
886,Ana,McDo,Fast Food,2026-05-07 21:00:00,50,493.18,Card,Cancelled,Rider B,Laguna
887,Maria,KFC,Drinks,2026-05-07 22:00:00,23,375.84,Cash,Delivered,Rider A,Cavite
888,Maria,McDo,Fast Food,2026-05-07 23:00:00,49,490.92,Card,Cancelled,Rider B,Manila
889,Pedro,Jollibee,Dessert,2026-05-08 00:00:00,43,379.12,Cash,Cancelled,Rider B,Cavite
890,Maria,Mang Inasal,Dessert,2026-05-08 01:00:00,54,484.2,Cash,Delivered,Rider A,Manila
891,Jose,Chowking,Fast Food,2026-05-08 02:00:00,19,185.33,Cash,Late,Rider A,Laguna
892,Pedro,Chowking,Dessert,2026-05-08 03:00:00,54,245.91,Cash,Cancelled,Rider C,Manila
893,Jose,KFC,Dessert,2026-05-08 04:00:00,54,360.1,GCash,Late,Rider B,Laguna
894,Jose,Chowking,Fast Food,2026-05-08 05:00:00,18,361.15,Card,Late,Rider A,Laguna
895,Pedro,McDo,Dessert,2026-05-08 06:00:00,52,412.77,Cash,Delivered,Rider C,Manila
896,Jose,Mang Inasal,Drinks,2026-05-08 07:00:00,53,131.04,Card,Delivered,Rider B,Cavite
897,Jose,McDo,Drinks,2026-05-08 08:00:00,59,404.07,GCash,Late,Rider A,Laguna
898,Pedro,KFC,Drinks,2026-05-08 09:00:00,17,125.35,GCash,Late,Rider A,Cavite
899,Juan,Mang Inasal,Fast Food,2026-05-08 10:00:00,19,332.06,GCash,Late,Rider B,Manila
900,Pedro,KFC,Fast Food,2026-05-08 11:00:00,43,141.05,GCash,Late,Rider B,Manila
901,Maria,KFC,Dessert,2026-05-08 12:00:00,48,447.24,Cash,Cancelled,Rider A,Cavite
902,Ana,KFC,Drinks,2026-05-08 13:00:00,10,139.41,Cash,Cancelled,Rider B,Laguna
903,Ana,McDo,Dessert,2026-05-08 14:00:00,10,450.93,GCash,Late,Rider A,Laguna
904,Maria,Mang Inasal,Fast Food,2026-05-08 15:00:00,21,429.86,GCash,Late,Rider B,Cavite
905,Juan,McDo,Drinks,2026-05-08 16:00:00,33,121.64,GCash,Delivered,Rider C,Manila
906,Maria,McDo,Fast Food,2026-05-08 17:00:00,55,314.39,Cash,Cancelled,Rider B,Manila
907,Ana,Chowking,Drinks,2026-05-08 18:00:00,56,362.37,Cash,Cancelled,Rider C,Cavite
908,Pedro,Mang Inasal,Dessert,2026-05-08 19:00:00,16,328.58,Cash,Late,Rider C,Cavite
909,Jose,KFC,Dessert,2026-05-08 20:00:00,21,288.93,GCash,Delivered,Rider A,Manila
910,Juan,KFC,Dessert,2026-05-08 21:00:00,55,472.48,Cash,Delivered,Rider B,Cavite
911,Jose,Jollibee,Fast Food,2026-05-08 22:00:00,54,121.39,GCash,Cancelled,Rider C,Laguna
912,Jose,Jollibee,Dessert,2026-05-08 23:00:00,41,304.05,Card,Delivered,Rider C,Cavite
913,Pedro,McDo,Drinks,2026-05-09 00:00:00,26,329.47,Cash,Cancelled,Rider C,Cavite
914,Maria,McDo,Fast Food,2026-05-09 01:00:00,11,121.98,GCash,Late,Rider A,Cavite
915,Jose,McDo,Drinks,2026-05-09 02:00:00,36,480.53,Cash,Late,Rider A,Manila
916,Ana,Jollibee,Fast Food,2026-05-09 03:00:00,46,300.78,Cash,Cancelled,Rider A,Cavite
917,Maria,Jollibee,Dessert,2026-05-09 04:00:00,41,270.67,Cash,Cancelled,Rider B,Manila
918,Pedro,KFC,Drinks,2026-05-09 05:00:00,38,107.61,Card,Cancelled,Rider A,Manila
919,Ana,Chowking,Drinks,2026-05-09 06:00:00,42,436.08,GCash,Late,Rider B,Cavite
920,Pedro,Jollibee,Fast Food,2026-05-09 07:00:00,54,268.76,Card,Late,Rider B,Cavite
921,Pedro,Jollibee,Drinks,2026-05-09 08:00:00,35,403.7,Card,Cancelled,Rider A,Manila
922,Maria,Jollibee,Drinks,2026-05-09 09:00:00,17,104.48,GCash,Cancelled,Rider A,Laguna
923,Pedro,KFC,Dessert,2026-05-09 10:00:00,38,451.32,Card,Late,Rider B,Manila
924,Pedro,Chowking,Drinks,2026-05-09 11:00:00,18,380.78,Cash,Delivered,Rider A,Laguna
925,Jose,Jollibee,Drinks,2026-05-09 12:00:00,23,391.6,Card,Late,Rider C,Manila
926,Maria,Mang Inasal,Drinks,2026-05-09 13:00:00,11,414.19,GCash,Cancelled,Rider C,Cavite
927,Jose,Jollibee,Drinks,2026-05-09 14:00:00,37,389.99,GCash,Late,Rider C,Cavite
928,Maria,Mang Inasal,Drinks,2026-05-09 15:00:00,30,360.95,Cash,Late,Rider B,Cavite
929,Maria,Chowking,Fast Food,2026-05-09 16:00:00,46,325.42,GCash,Delivered,Rider A,Laguna
930,Juan,McDo,Fast Food,2026-05-09 17:00:00,30,439.35,Card,Cancelled,Rider B,Cavite
931,Ana,KFC,Dessert,2026-05-09 18:00:00,46,416.0,GCash,Late,Rider C,Laguna
932,Juan,Mang Inasal,Fast Food,2026-05-09 19:00:00,21,234.73,GCash,Late,Rider C,Cavite
933,Jose,Chowking,Dessert,2026-05-09 20:00:00,53,434.96,GCash,Late,Rider A,Cavite
934,Pedro,Chowking,Fast Food,2026-05-09 21:00:00,21,311.73,Card,Delivered,Rider B,Manila
935,Juan,KFC,Drinks,2026-05-09 22:00:00,21,277.53,Card,Cancelled,Rider C,Cavite
936,Ana,Chowking,Drinks,2026-05-09 23:00:00,26,401.29,Card,Cancelled,Rider B,Cavite
937,Jose,McDo,Fast Food,2026-05-10 00:00:00,13,182.61,Card,Delivered,Rider C,Cavite
938,Juan,Mang Inasal,Fast Food,2026-05-10 01:00:00,18,392.42,Cash,Delivered,Rider A,Laguna
939,Maria,Jollibee,Drinks,2026-05-10 02:00:00,14,486.86,Card,Cancelled,Rider C,Laguna
940,Pedro,McDo,Drinks,2026-05-10 03:00:00,35,456.51,Cash,Late,Rider C,Laguna
941,Juan,KFC,Fast Food,2026-05-10 04:00:00,49,316.04,GCash,Late,Rider B,Laguna
942,Maria,KFC,Fast Food,2026-05-10 05:00:00,30,392.17,GCash,Delivered,Rider A,Manila
943,Maria,Jollibee,Fast Food,2026-05-10 06:00:00,36,405.23,Card,Delivered,Rider C,Manila
944,Jose,KFC,Drinks,2026-05-10 07:00:00,58,357.99,GCash,Cancelled,Rider A,Cavite
945,Ana,Chowking,Fast Food,2026-05-10 08:00:00,37,129.12,Cash,Late,Rider A,Manila
946,Jose,KFC,Fast Food,2026-05-10 09:00:00,10,486.86,Cash,Delivered,Rider C,Cavite
947,Juan,KFC,Fast Food,2026-05-10 10:00:00,41,348.48,Card,Cancelled,Rider A,Laguna
948,Juan,KFC,Dessert,2026-05-10 11:00:00,12,399.57,Card,Late,Rider B,Manila
949,Maria,Jollibee,Fast Food,2026-05-10 12:00:00,41,129.52,GCash,Delivered,Rider A,Laguna
950,Pedro,KFC,Dessert,2026-05-10 13:00:00,33,260.06,Cash,Delivered,Rider A,Manila
951,Ana,Mang Inasal,Dessert,2026-05-10 14:00:00,42,398.13,Cash,Late,Rider C,Cavite
952,Juan,Jollibee,Drinks,2026-05-10 15:00:00,47,439.66,Cash,Late,Rider B,Cavite
953,Maria,Jollibee,Dessert,2026-05-10 16:00:00,21,311.99,GCash,Cancelled,Rider C,Cavite
954,Maria,KFC,Fast Food,2026-05-10 17:00:00,54,443.49,Card,Late,Rider B,Laguna
955,Juan,Jollibee,Drinks,2026-05-10 18:00:00,13,211.08,Cash,Delivered,Rider A,Cavite
956,Jose,McDo,Fast Food,2026-05-10 19:00:00,25,208.8,Cash,Late,Rider B,Laguna
957,Jose,Chowking,Dessert,2026-05-10 20:00:00,28,104.3,Cash,Late,Rider A,Cavite
958,Ana,Chowking,Dessert,2026-05-10 21:00:00,22,145.89,Cash,Delivered,Rider A,Manila
959,Juan,McDo,Drinks,2026-05-10 22:00:00,48,358.13,GCash,Late,Rider B,Cavite
960,Jose,Mang Inasal,Fast Food,2026-05-10 23:00:00,13,433.3,Card,Delivered,Rider C,Cavite
961,Ana,Mang Inasal,Fast Food,2026-05-11 00:00:00,11,129.52,Card,Delivered,Rider B,Laguna
962,Ana,Jollibee,Fast Food,2026-05-11 01:00:00,39,236.96,Card,Late,Rider C,Laguna
963,Maria,Jollibee,Dessert,2026-05-11 02:00:00,37,120.46,GCash,Cancelled,Rider C,Cavite
964,Jose,KFC,Fast Food,2026-05-11 03:00:00,20,180.49,Card,Delivered,Rider A,Laguna
965,Ana,Mang Inasal,Drinks,2026-05-11 04:00:00,30,169.2,Cash,Late,Rider A,Laguna
966,Pedro,Mang Inasal,Fast Food,2026-05-11 05:00:00,33,225.43,Card,Delivered,Rider B,Cavite
967,Ana,KFC,Dessert,2026-05-11 06:00:00,32,210.85,Cash,Late,Rider B,Manila
968,Jose,Mang Inasal,Dessert,2026-05-11 07:00:00,21,412.96,Cash,Cancelled,Rider A,Laguna
969,Maria,McDo,Fast Food,2026-05-11 08:00:00,19,255.37,GCash,Cancelled,Rider B,Laguna
970,Ana,Mang Inasal,Drinks,2026-05-11 09:00:00,21,108.87,GCash,Delivered,Rider A,Laguna
971,Jose,KFC,Fast Food,2026-05-11 10:00:00,55,223.29,GCash,Late,Rider C,Laguna
972,Maria,McDo,Fast Food,2026-05-11 11:00:00,38,370.38,Card,Late,Rider C,Manila
973,Maria,Mang Inasal,Drinks,2026-05-11 12:00:00,42,252.35,Card,Late,Rider C,Manila
974,Ana,McDo,Fast Food,2026-05-11 13:00:00,25,161.2,Card,Late,Rider A,Manila
975,Juan,KFC,Dessert,2026-05-11 14:00:00,35,482.73,Card,Late,Rider C,Manila
976,Maria,Mang Inasal,Drinks,2026-05-11 15:00:00,48,372.59,Cash,Late,Rider C,Laguna
977,Jose,KFC,Fast Food,2026-05-11 16:00:00,46,239.55,GCash,Cancelled,Rider B,Manila
978,Jose,Chowking,Dessert,2026-05-11 17:00:00,17,387.51,Cash,Late,Rider B,Manila
979,Jose,McDo,Fast Food,2026-05-11 18:00:00,24,343.57,Card,Late,Rider C,Cavite
980,Jose,Jollibee,Drinks,2026-05-11 19:00:00,50,340.29,GCash,Late,Rider A,Cavite
981,Jose,Chowking,Dessert,2026-05-11 20:00:00,17,471.99,Card,Cancelled,Rider A,Manila
982,Juan,Chowking,Fast Food,2026-05-11 21:00:00,35,144.08,Card,Late,Rider A,Manila
983,Jose,Mang Inasal,Dessert,2026-05-11 22:00:00,24,112.77,GCash,Delivered,Rider C,Cavite
984,Maria,Jollibee,Drinks,2026-05-11 23:00:00,18,303.18,Cash,Cancelled,Rider C,Laguna
985,Maria,Mang Inasal,Drinks,2026-05-12 00:00:00,44,478.77,Card,Delivered,Rider C,Laguna
986,Maria,Chowking,Fast Food,2026-05-12 01:00:00,19,235.0,Card,Delivered,Rider B,Laguna
987,Maria,KFC,Fast Food,2026-05-12 02:00:00,14,395.35,Cash,Delivered,Rider C,Manila
988,Pedro,KFC,Dessert,2026-05-12 03:00:00,41,159.07,GCash,Late,Rider C,Laguna
989,Jose,KFC,Drinks,2026-05-12 04:00:00,16,354.55,Card,Late,Rider C,Cavite
990,Juan,Chowking,Dessert,2026-05-12 05:00:00,29,402.66,GCash,Delivered,Rider B,Cavite
991,Pedro,McDo,Fast Food,2026-05-12 06:00:00,31,115.49,Cash,Delivered,Rider A,Cavite
992,Pedro,McDo,Fast Food,2026-05-12 07:00:00,55,432.98,GCash,Delivered,Rider A,Cavite
993,Pedro,McDo,Fast Food,2026-05-12 08:00:00,44,103.73,Card,Late,Rider A,Manila
994,Pedro,Chowking,Dessert,2026-05-12 09:00:00,50,497.97,Card,Delivered,Rider C,Cavite
995,Ana,KFC,Fast Food,2026-05-12 10:00:00,35,404.73,Card,Cancelled,Rider B,Cavite
996,Ana,Jollibee,Drinks,2026-05-12 11:00:00,39,230.96,Cash,Late,Rider B,Cavite
997,Juan,McDo,Dessert,2026-05-12 12:00:00,25,462.05,Card,Delivered,Rider B,Cavite
998,Pedro,KFC,Dessert,2026-05-12 13:00:00,26,441.49,Cash,Cancelled,Rider B,Manila
999,Maria,Mang Inasal,Drinks,2026-05-12 14:00:00,26,224.07,GCash,Cancelled,Rider A,Manila
1000,Maria,Mang Inasal,Drinks,2026-05-12 15:00:00,31,169.28,Cash,Cancelled,Rider A,Manila
